,english,spanish,Distances
0,know,saber,0.0
1,like,me gusta,0.0
2,get,obtener,0.25
3,go,vamos,0.0
4,right,correcto,0.4
5,one,una,1.0
6,come,venir,0.0
7,oh,oh,1.0
8,well,bien,0.0
9,want,desear,0.0
10,got,obtuvo,0.3333333333333333
11,yeah,sí,0.0
12,think,pensar,0.0
13,see,ver,0.0
14,good,bueno,0.0
15,let,dejar,0.0
16,yes,sí,0.0
17,going,yendo,0.3333333333333333
18,l,yo,0.0
19,time,tiempo,0.6666666666666666
20,back,espalda,0.0
21,okay,okey,1.0
22,look,mira,0.0
23,us,a nosotros,0.16666666666666666
24,take,tomar,0.3333333333333333
25,would,haría,0.0
26,tell,decir,0.0
27,man,hombre,0.25
28,say,decir,0.0
29,really,de verdad,0.0
30,gonna,ir a,0.0
31,hey,oye,0.5
32,could,pudo,0.3333333333333333
33,something,alguna cosa,0.0
34,need,necesitar,0.2
35,way,camino,0.0
36,make,hacer,0.0
37,never,nunca,0.3333333333333333
38,people,gente,0.0
39,little,poco,0.0
40,please,por favor,0.16666666666666666
41,love,amor,0.0
42,give,dar,0.0
43,sorry,perdón,0.2
44,said,dijo,0.0
45,mean,significar,0.16666666666666666
46,two,dos,0.0
47,thank,gracias,0.0
48,even,incluso,0.0
49,much,mucho,1.0
50,sure,por supuesto,0.14285714285714285
51,thing,cosa,0.0
52,help,ayuda,0.0
53,first,primero,0.25
54,anything,cualquier cosa,0.0
55,still,todavía,0.0
56,sir,señor,0.6666666666666666
57,life,vida,0.0
58,nothing,nada,0.2
59,find,encontrar,0.16666666666666666
60,god,dios,0.0
61,day,día,0.5
62,work,trabajar,0.2
63,must,deber,0.0
64,stop,deténgase,0.16666666666666666
65,maybe,quizás,0.0
66,call,llamar,0.25
67,wait,espere,0.0
68,away,lejos,0.0
69,talk,hablar,0.25
70,night,noche,0.5
71,home,hogar,0.3333333333333333
72,uh,oh,1.0
73,thought,pensamiento,0.16666666666666666
74,put,poner,0.3333333333333333
75,great,estupendo,0.0
76,last,ultimo,0.3333333333333333
77,better,mejor,0.25
78,everything,todo,0.14285714285714285
79,told,dicho,0.0
80,new,nuevo,0.5
81,always,siempre,0.0
82,things,cosas,0.2
83,long,largo,0.6666666666666666
84,keep,mantener,0.0
85,leave,abandonar,0.0
86,years,años,0.3333333333333333
87,money,dinero,0.3333333333333333
88,around,alrededor,0.4
89,name,nombre,0.5
90,father,padre,0.25
91,guy,tipo,0.0
92,place,lugar,0.0
93,feel,sentir,0.0
94,ever,alguna vez,0.16666666666666666
95,guys,tipo,0.0
96,old,antiguo,0.0
97,made,hecha,0.0
98,big,grande,0.0
99,nice,bonito,0.3333333333333333
100,girl,chica,0.0
101,hello,hola,0.6666666666666666
102,believe,creer,0.0
103,done,hecho,0.0
104,ok,ok,1.0
105,lot,lote,1.0
106,fine,multa,0.0
107,someone,alguien,0.3333333333333333
108,thanks,gracias,0.2
109,house,casa,0.5
110,wanted,querido,0.25
111,coming,viniendo,0.25
112,kind,tipo,0.0
113,every,cada,0.0
114,stay,quédate,0.0
115,left,izquierda,0.0
116,mother,madre,0.5
117,enough,suficiente,0.0
118,may,mayo,1.0
119,course,curso,1.0
120,dad,papá,0.0
121,happened,sucedió,0.0
122,wrong,equivocado,0.0
123,listen,escuchar,0.0
124,bad,malo,0.0
125,came,vino,0.0
126,understand,comprender,0.14285714285714285
127,three,tres,0.3333333333333333
128,today,este dia,0.25
129,world,mundo,0.25
130,another,otro,0.5
131,hear,oír,0.5
132,remember,recuerda,0.2
133,might,puede que,0.0
134,ask,pedir,0.0
135,kill,matar,0.0
136,show,mostrar,0.2
137,else,más,0.3333333333333333
138,talking,hablando,0.2
139,found,fundar,0.75
140,care,cuidado,0.3333333333333333
141,son,hijo,0.0
142,car,coche,0.3333333333333333
143,next,siguiente,0.25
144,getting,consiguiendo,0.16666666666666666
145,try,probar,0.25
146,looking,buscando,0.2
147,woman,mujer,0.0
148,dead,muerto,0.0
149,hi,hola,0.5
150,went,se fue,0.0
151,many,muchos,0.25
152,friend,amigo,0.0
153,mind,mente,0.6666666666666666
154,hell,infierno,0.0
155,mom,mamá,0.6666666666666666
156,boy,chico,0.0
157,best,mejor,0.0
158,morning,mañana,0.4
159,together,juntos,0.2
160,saw,sierra,0.3333333333333333
161,trying,difícil,0.0
162,job,trabajo,0.25
163,without,sin que,0.0
164,real,real,1.0
165,baby,bebé,0.6666666666666666
166,family,familia,0.75
167,room,habitación,0.0
168,move,muevete,0.6666666666666666
169,already,ya,0.25
170,live,en vivo,0.25
171,seen,visto,0.3333333333333333
172,miss,señorita,0.0
173,shit,mierda,0.0
174,actually,realmente,0.0
175,heard,escuchó,0.0
176,brother,hermano,0.2
177,head,cabeza,0.0
178,ready,listo,0.0
179,happy,contento,0.0
180,huh,¿eh?,0.3333333333333333
181,hold,mantener,0.0
182,called,llamó,0.25
183,used,usó,0.5
184,knew,supo,0.0
185,men,hombres,0.2
186,idea,ocurrencia,0.0
187,wife,esposa,0.0
188,yet,aún,0.0
189,took,tomó,0.3333333333333333
190,fuck,mierda,0.0
191,also,además,0.25
192,pretty,bonita,0.2
193,days,días,0.6666666666666666
194,since,ya que,0.0
195,whole,entero,0.0
196,tomorrow,mañana,0.2
197,start,comienzo,0.0
198,use,usar,0.5
199,door,puerta,0.3333333333333333
200,bit,un poco,0.0
201,matter,asunto,0.25
202,bring,traer,0.25
203,meet,reunir,0.0
204,tonight,esta noche,0.3333333333333333
205,guess,adivinar,0.0
206,run,correr,0.25
207,alone,solo,0.0
208,everyone,todo el mundo,0.125
209,school,escuela,0.75
210,gone,desaparecido,0.0
211,hard,difícil,0.0
212,wanna,querer,0.0
213,play,desempeñar,0.16666666666666666
214,problem,problema,1.0
215,end,final,0.3333333333333333
216,saying,dicho,0.0
217,open,abierto,0.0
218,friends,amigos,0.2
219,fucking,maldito,0.0
220,ago,atrás,0.0
221,killed,delicado,0.5
222,looks,aspecto,0.0
223,gotta,tengo que,0.2
224,ah,ah,1.0
225,anyone,cualquiera,0.0
226,phone,teléfono,0.2
227,hope,esperar,0.25
228,lost,perdió,0.0
229,excuse,disculpar,0.16666666666666666
230,face,cara,0.0
231,um,em,1.0
232,die,morir,0.0
233,turn,giro,0.3333333333333333
234,police,policía,0.75
235,heart,corazón,0.2
236,wants,quiere,0.0
237,says,dice,0.0
238,true,verdadero,0.2
239,worry,preocuparse,0.3333333333333333
240,soon,pronto,0.25
241,business,negocio,0.2
242,case,caso,1.0
243,later,luego,0.3333333333333333
244,watch,reloj,0.0
245,year,año,0.0
246,hand,mano,0.3333333333333333
247,beautiful,hermoso,0.0
248,doctor,médico,0.0
249,eat,comer,0.0
250,sit,sentar,0.5
251,probably,probablemente,0.625
252,thinking,pensando,0.3333333333333333
253,late,tarde,0.0
254,forget,olvidar,0.0
255,young,joven,0.0
256,second,segundo,0.75
257,kids,niños,0.3333333333333333
258,kid,niño,0.0
259,pay,pagar,0.3333333333333333
260,crazy,loca,0.0
261,water,agua,0.0
262,death,muerte,0.0
263,working,laboral,0.0
264,stuff,cosas,0.0
265,minute,minuto,1.0
266,part,parte,1.0
267,person,persona,1.0
268,everybody,todos,0.16666666666666666
269,damn,maldita sea,0.16666666666666666
270,drink,beber,0.0
271,gave,dio,0.0
272,change,cambio,0.25
273,exactly,exactamente,0.5
274,happen,suceder,0.0
275,shut,cerrado,0.0
276,five,cinco,0.0
277,knows,sabe,0.0
278,eyes,ojos,0.5
279,hit,pegar,0.0
280,far,lejos,0.0
281,easy,fácil,0.0
282,whatever,lo que sea,0.0
283,hands,manos,0.5
284,taking,tomando,0.5
285,times,veces,0.3333333333333333
286,check,controlar,0.16666666666666666
287,minutes,minutos,1.0
288,music,música,0.75
289,inside,en el interior,0.125
290,sleep,dormir,0.0
291,means,medio,0.3333333333333333
292,somebody,alguien,0.0
293,mine,mía,0.5
294,deal,acuerdo,0.0
295,different,diferente,0.8333333333333334
296,asked,preguntó,0.0
297,makes,hace,0.0
298,point,punto,1.0
299,afraid,atemorizado,0.4
300,body,cuerpo,0.0
301,anyway,de todos modos,0.0
302,dear,estimado,0.0
303,four,cuatro,0.3333333333333333
304,shall,deberá,0.0
305,chance,oportunidad,0.16666666666666666
306,close,cerca,0.3333333333333333
307,making,haciendo,0.25
308,waiting,esperando,0.2
309,party,fiesta,0.25
310,daughter,hija,0.2
311,comes,proviene,0.0
312,word,palabra,0.0
313,fun,divertida,0.0
314,number,número,0.5
315,married,casado,0.25
316,hurt,herir,0.6666666666666666
317,story,historia,0.5
318,set,establecer,0.3333333333333333
319,wish,deseo,0.3333333333333333
320,least,el menos,0.2
321,quite,bastante,0.2
322,important,importante,1.0
323,girls,muchachas,0.16666666666666666
324,husband,esposo,0.2
325,fire,fuego,0.5
326,nobody,nadie,0.5
327,fight,lucha,0.25
328,children,niños,0.0
329,rest,descansar,0.16666666666666666
330,moment,momento,1.0
331,week,semana,0.0
332,read,leer,0.0
333,stand,pararse,0.0
334,game,juego,0.0
335,cut,corte,0.6666666666666666
336,sister,hermana,0.0
337,speak,hablar,0.0
338,child,niño,0.0
339,side,lado,0.5
340,women,mujeres,0.0
341,supposed,supuesto,0.6
342,started,empezado,0.2
343,hours,horas,1.0
344,goes,va,0.0
345,blood,sangre,0.0
346,though,aunque,0.0
347,truth,verdad,0.25
348,lady,dama,0.3333333333333333
349,anymore,más,0.0
350,behind,detrás,0.0
351,almost,casi,0.25
352,shot,disparo,0.25
353,gets,obtiene,0.3333333333333333
354,war,guerra,0.3333333333333333
355,break,descanso,0.0
356,walk,caminar,0.0
357,able,poder,0.0
358,reason,razón,0.5
359,trouble,problema,0.6
360,met,reunió,0.0
361,city,ciudad,0.3333333333333333
362,town,pueblo,0.0
363,trust,confianza,0.0
364,mr,sres,0.3333333333333333
365,brought,trajo,0.2
366,died,murió,0.0
367,question,pregunta,0.2
368,buy,comprar,0.0
369,office,oficina,0.3333333333333333
370,half,mitad,0.0
371,bye,adiós,0.0
372,high,alto,0.0
373,free,libre,0.3333333333333333
374,welcome,bienvenidos,0.0
375,couple,pareja,0.0
376,either,o,0.0
377,hurry,apuro,0.25
378,telling,narración,0.0
379,stupid,tonto,0.25
380,honey,miel,0.0
381,power,energía,0.0
382,wow,guau,0.0
383,tried,intentó,0.2
384,bed,cama,0.0
385,front,frente,1.0
386,cool,frío,0.0
387,answer,responder,0.3333333333333333
388,playing,jugando,0.2
389,seems,parece,0.0
390,boys,niños,0.3333333333333333
391,send,enviar,0.0
392,gun,pistola,0.0
393,line,línea,0.6666666666666666
394,team,equipo,0.0
395,news,noticias,0.5
396,months,meses,0.4
397,captain,capitán,0.8
398,save,ahorrar,0.0
399,full,completo,0.2
400,hate,odio,0.0
401,sometimes,algunas veces,0.25
402,become,convertirse en,0.0
403,whoa,guau,0.0
404,lord,caballero,0.2
405,along,a lo largo de,0.25
406,dog,perro,0.0
407,outside,fuera de,0.25
408,food,alimento,0.0
409,light,luz,0.25
410,order,ordenar,0.75
411,hot,caliente,0.25
412,funny,gracioso,0.0
413,clear,claro,1.0
414,needs,necesidades,0.5
415,six,seis,0.5
416,country,país,0.0
417,alive,viva,0.5
418,pick,elegir,0.0
419,em,ellos,0.0
420,fact,hecho,0.3333333333333333
421,ahead,adelante,0.0
422,black,negro,0.0
423,boss,jefe,0.0
424,living,vivir,0.25
425,lose,perder,0.0
426,feeling,sentimiento,0.16666666666666666
427,leaving,partida,0.0
428,cause,causa,1.0
429,dinner,cena,0.25
430,promise,promesa,1.0
431,king,rey,0.0
432,running,correr,0.0
433,plan,plan,1.0
434,taken,tomado,0.3333333333333333
435,sort,clasificar,0.16666666666666666
436,book,libro,0.3333333333333333
437,sent,enviado,0.0
438,anybody,cualquiera,0.0
439,hour,hora,1.0
440,white,blanco,0.0
441,small,pequeña,0.0
442,alright,está bien,0.0
443,sick,enfermo,0.0
444,parents,padres,0.4
445,uncle,tío,0.0
446,lives,vive,0.3333333333333333
447,safe,seguro,0.3333333333333333
448,perfect,perfecto,1.0
449,poor,pobre,0.6666666666666666
450,ass,culo,0.0
451,shoot,disparar,0.2
452,scared,asustado,0.5
453,special,especial,1.0
454,serious,serio,0.6666666666666666
455,red,rojo,0.5
456,perhaps,quizás,0.2
457,touch,tocar,0.6666666666666666
458,earth,tierra,0.0
459,john,juan,0.6666666666666666
460,sounds,suena,0.5
461,company,empresa,0.4
462,past,pasado,0.6666666666666666
463,cannot,no poder,0.0
464,possible,posible,0.8
465,bitch,perra,0.0
466,ha,decir ah,0.2
467,sound,sonido,1.0
468,sighs,suspiros,0.4
469,hair,pelo,0.0
470,human,humano,1.0
471,drive,conducir,0.2
472,luck,suerte,0.0
473,asking,pidiendo,0.25
474,top,parte superior,0.25
475,win,victoria,0.0
476,glad,contento,0.0
477,daddy,papi,0.0
478,control,control,1.0
479,cold,frío,0.0
480,ten,diez,0.0
481,air,aire,1.0
482,happens,sucede,0.0
483,master,maestro,1.0
484,jack,jack,1.0
485,till,hasta,0.0
486,dance,baile,0.0
487,sex,sexo,1.0
488,others,otros,0.75
489,hospital,hospital,1.0
490,street,calle,0.0
491,hang,colgar,0.25
492,fast,rápido,0.0
493,words,palabras,0.2
494,follow,seguir,0.0
495,seem,parecer,0.0
496,murder,asesinato,0.0
497,finally,finalmente,0.5
498,lie,mentir,0.0
499,dream,sueño,0.0
500,catch,captura,0.25
501,write,escribe,0.25
502,evening,tardecita,0.0
503,meeting,reunión,0.0
504,sweet,dulce,0.0
505,hmm,mmm,0.6666666666666666
506,sense,sentido,0.5
507,lucky,afortunado,0.0
508,known,conocido,0.25
509,laughs,risas,0.25
510,jesus,jesús,0.75
511,bet,apuesta,0.3333333333333333
512,voice,voz,0.5
513,sign,señal,0.3333333333333333
514,million,millón,0.8
515,quiet,tranquilo,0.2
516,felt,sintió,0.25
517,rather,bastante,0.2
518,careful,cuidado,0.25
519,somewhere,en algún lugar,0.1
520,longer,más extenso,0.0
521,beat,derrotar,0.2
522,return,devolver,0.0
523,laughing,reír,0.0
524,coffee,café,0.6666666666666666
525,date,fecha,0.0
526,pull,jalar,0.3333333333333333
527,secret,secreto,1.0
528,calling,vocación,0.2
529,less,menos,0.3333333333333333
530,looked,mirado,0.3333333333333333
531,worked,trabajó,0.2
532,weeks,semanas,0.25
533,fault,culpa,0.3333333333333333
534,gentlemen,caballeros,0.16666666666666666
535,fall,otoño,0.0
536,given,dado,0.0
537,seeing,viendo,0.3333333333333333
538,song,canción,0.2
539,straight,directo,0.3333333333333333
540,calm,calma,1.0
541,changed,cambió,0.2
542,mad,enojado,0.3333333333333333
543,loved,amado,0.3333333333333333
544,takes,toma,0.3333333333333333
545,road,la carretera,0.14285714285714285
546,learn,aprender,0.4
547,drop,soltar,0.0
548,wonderful,maravilloso,0.0
549,future,futuro,1.0
550,ladies,señoras,0.25
551,explain,explique,0.75
552,chuckles,risas,0.16666666666666666
553,clean,limpio,0.0
554,throw,lanzar,0.0
555,early,temprano,0.0
556,yesterday,el dia de ayer,0.25
557,step,paso,0.0
558,turned,transformado,0.5
559,feet,pies,0.0
560,piece,pieza,0.5
561,picture,imagen,0.0
562,land,tierra,0.0
563,quick,rápido,0.0
564,wonder,preguntarse,0.2857142857142857
565,worth,valor,0.0
566,darling,querida,0.2
567,questions,preguntas,0.3333333333333333
568,absolutely,absolutamente,0.5714285714285714
569,president,presidente,1.0
570,eye,ojo,0.0
571,giving,donación,0.0
572,ooh,oh,1.0
573,none,ninguna,0.5
574,dude,tipo,0.0
575,moving,moviente,0.75
576,state,estado,0.6666666666666666
577,ones,unos,1.0
578,speaking,discurso,0.0
579,figure,figura,1.0
580,goodbye,adiós,0.25
581,sam,sam,1.0
582,strange,extraño,0.4
583,strong,fuerte,0.2
584,act,actuar,0.6666666666666666
585,wedding,boda,0.2
586,law,ley,0.5
587,kiss,beso,0.3333333333333333
588,works,obras,0.5
589,report,reporte,1.0
590,tired,cansado,0.25
591,pain,dolor,0.0
592,marry,casar,0.25
593,pass,pasar,0.6666666666666666
594,wake,despertarse,0.0
595,kidding,bromear,0.0
596,general,general,1.0
597,missing,perdido,0.0
598,ship,embarcacion,0.0
599,needed,necesario,0.25
600,choice,elección,0.2
601,class,clase,0.75
602,weird,extraño,0.25
603,worried,preocupado,0.4
604,officer,oficial,0.5
605,decided,decidió,0.75
606,amazing,increíble,0.0
607,busy,ocupado,0.0
608,kept,mantuvo,0.25
609,worse,peor,0.3333333333333333
610,happening,sucediendo,0.16666666666666666
611,mistake,error,0.0
612,chief,jefe,0.3333333333333333
613,ya,ya,1.0
614,forgive,perdonar,0.2
615,age,años,0.0
616,sell,vender,0.0
617,michael,miguel,0.5
618,mouth,boca,0.0
619,caught,capturado,0.2
620,finish,finalizar,0.4
621,clothes,ropa,0.0
622,ride,conducir,0.2
623,birthday,cumpleaños,0.0
624,meant,quiso decir,0.0
625,born,nacido,0.0
626,watching,mirando,0.16666666666666666
627,building,edificio,0.2
628,dark,oscuro,0.0
629,eh,eh,1.0
630,system,sistema,0.8
631,sing,cantar,0.25
632,film,película,0.2
633,court,tribunal,0.2
634,tv,televisión,0.3333333333333333
635,movie,película,0.0
636,month,mes,0.25
637,wear,tener puesto,0.14285714285714285
638,train,tren,1.0
639,lying,mintiendo,0.2
640,seven,siete,0.3333333333333333
641,totally,totalmente,0.5
642,imagine,imaginar,0.75
643,hotel,hotel,1.0
644,evidence,evidencia,1.0
645,security,seguridad,0.4
646,completely,completamente,0.625
647,suppose,suponer,0.5
648,instead,en cambio,0.2
649,christmas,navidad,0.0
650,unless,a no ser que,0.2857142857142857
651,information,información,0.7142857142857143
652,bag,bolsa,0.3333333333333333
653,certainly,seguramente,0.16666666666666666
654,attack,ataque,0.25
655,broke,rompió,0.0
656,round,redondo,0.75
657,expect,suponer,0.25
658,near,cerca,0.3333333333333333
659,blue,azul,0.5
660,terrible,horrible,0.8
661,thinks,piensa,0.4
662,definitely,definitivamente,0.5
663,forever,siempre,0.25
664,frank,franco,0.75
665,station,estación,0.6
666,except,excepto,1.0
667,table,mesa,0.0
668,message,mensaje,0.5
669,history,historia,0.8
670,swear,jurar,0.3333333333333333
671,george,jorge,0.6666666666666666
672,fool,engañar,0.0
673,talked,habló,0.0
674,ring,anillo,0.0
675,buddy,amigo,0.0
676,entire,completo,0.0
677,lovely,hermoso,0.0
678,floor,piso,0.0
679,sun,sol,0.5
680,handle,resolver,0.0
681,army,ejército,0.2
682,david,david,1.0
683,joe,josé,0.3333333333333333
684,spend,gastar,0.0
685,charlie,charlie,1.0
686,across,a través de,0.25
687,finished,acabado,0.2
688,marriage,matrimonio,0.4
689,letter,carta,0.25
690,ran,corrió,0.25
691,seriously,en serio,0.2
692,paid,pagado,0.6666666666666666
693,bought,comprado,0.0
694,york,york,1.0
695,attention,atención,0.4
696,anywhere,en cualquier sitio,0.2222222222222222
697,dangerous,peligroso,0.6
698,peace,paz,0.5
699,simple,simple,1.0
700,forgot,olvidó,0.0
701,situation,situación,0.6
702,middle,medio,0.5
703,rock,roca,0.6666666666666666
704,test,prueba,0.0
705,lead,plomo,0.3333333333333333
706,protect,proteger,0.6
707,club,club,1.0
708,fear,miedo,0.0
709,fair,justa,0.0
710,present,presente,1.0
711,idiot,estúpido,0.2
712,join,unirse,0.0
713,interesting,interesante,0.7142857142857143
714,tom,tomás,0.5
715,bill,factura,0.0
716,box,caja,0.0
717,sitting,sesión,0.4
718,short,corto,0.5
719,ball,pelota,0.3333333333333333
720,single,único,0.25
721,group,grupo,1.0
722,using,usando,0.6666666666666666
723,enjoy,disfrutar,0.0
724,normal,normal,1.0
725,boat,barco,0.3333333333333333
726,count,contar,0.75
727,bastard,bastardo,1.0
728,crime,delito,0.0
729,key,llave,0.0
730,force,fuerza,0.6666666666666666
731,horse,caballo,0.0
732,lunch,comida,0.0
733,american,americano,1.0
734,quickly,rápidamente,0.0
735,paper,papel,0.6666666666666666
736,charge,cobrar,0.5
737,mike,miguel,0.3333333333333333
738,surprise,sorpresa,1.0
739,space,espacio,1.0
740,fell,cayó,0.0
741,honor,honor,1.0
742,eight,ocho,0.3333333333333333
743,accident,accidente,1.0
744,wearing,usando,0.25
745,fish,pez,0.0
746,bar,bar,1.0
747,ground,terrestre,0.16666666666666666
748,problems,problemas,1.0
749,government,gobierno,0.42857142857142855
750,miles,millas,0.75
751,relax,relax,1.0
752,crying,llorando,0.2
753,bank,banco,0.6666666666666666
754,cover,cubrir,0.5
755,major,importante,0.3333333333333333
756,stopped,detenido,0.4
757,interested,interesado,0.8333333333333334
758,hide,ocultar,0.0
759,stick,palo,0.0
760,sea,mar,0.0
761,tea,té,0.5
762,area,área,0.5
763,agree,aceptar,0.25
764,difficult,difícil,0.6666666666666666
765,personal,personal,1.0
766,deep,profundo,0.0
767,dress,vestir,0.0
768,service,servicio,1.0
769,certain,cierto,0.75
770,trip,viaje,0.0
771,radio,radio,1.0
772,blow,explotar,0.2
773,smart,inteligente,0.16666666666666666
774,mark,marcos,0.5
775,star,estrella,0.6
776,record,registro,0.2
777,offer,oferta,0.3333333333333333
778,america,america,1.0
779,prison,prisión,0.8
780,angry,enfadado,0.25
781,peter,pedro,0.6666666666666666
782,soul,alma,0.0
783,rich,rico,0.6666666666666666
784,list,lista,1.0
785,gold,oro,0.0
786,afternoon,tarde,0.4
787,whether,ya sea,0.0
788,agent,agente,1.0
789,missed,omitido,0.5
790,proud,orgulloso,0.0
791,detective,detective,1.0
792,fix,arreglar,0.0
793,respect,respeto,0.8
794,public,público,0.8
795,fighting,lucha,0.16666666666666666
796,girlfriend,novia,0.14285714285714285
797,drunk,ebrio,0.25
798,park,parque,0.6666666666666666
799,killing,asesinato,0.2
800,saved,salvado,0.75
801,brain,cerebro,0.25
802,forward,delantero,0.0
803,sad,triste,0.25
804,cell,célula,0.75
805,mess,desorden,0.2
806,standing,de pie,0.16666666666666666
807,smell,oler,0.25
808,fly,volar,0.3333333333333333
809,killer,asesino,0.0
810,tough,pese,0.0
811,scene,escena,1.0
812,card,tarjeta,0.25
813,english,inglés,0.6
814,dare,atrevimiento,0.16666666666666666
815,broken,roto,0.25
816,mary,maría,0.6666666666666666
817,hungry,hambriento,0.3333333333333333
818,church,iglesia,0.0
819,ice,hielo,0.0
820,window,ventana,0.25
821,paul,pablo,0.6666666666666666
822,share,cuota,0.0
823,third,tercera,0.25
824,laugh,risa,0.0
825,calls,llamadas,0.4
826,often,con frecuencia,0.25
827,within,dentro de,0.16666666666666666
828,spent,gastó,0.0
829,feels,siente,0.0
830,lieutenant,teniente,0.8
831,cry,llorar,0.25
832,mum,mamá,0.6666666666666666
833,visit,visitar,0.75
834,honest,honesto,1.0
835,seat,asiento,0.6666666666666666
836,mama,mamá,0.6666666666666666
837,teacher,profesor,0.2
838,relationship,relación,0.2857142857142857
839,moved,movido,1.0
840,pleasure,placer,0.75
841,camera,cámara,0.75
842,starting,comenzando,0.16666666666666666
843,bloody,sangriento,0.0
844,lived,vivió,0.3333333333333333
845,college,colega,0.75
846,judge,juez,0.3333333333333333
847,cops,policías,0.4
848,position,posición,0.6
849,sake,motivo,0.0
850,screaming,gritando,0.3333333333333333
851,boyfriend,novio,0.16666666666666666
852,wall,pared,0.0
853,teach,enseñar,0.0
854,neither,ninguno de los dos,0.08333333333333333
855,prove,demostrar,0.16666666666666666
856,loves,ama,0.0
857,besides,además,0.25
858,realize,darse cuenta,0.14285714285714285
859,private,privado,0.75
860,ben,ben,1.0
861,impossible,imposible,0.8333333333333334
862,walking,caminando,0.2
863,carry,llevar,0.0
864,accept,aceptar,0.5
865,especially,especialmente,0.5714285714285714
866,liked,apreciado,0.25
867,french,francés,0.6666666666666666
868,art,arte,1.0
869,machine,máquina,0.5
870,green,verde,0.3333333333333333
871,involved,involucrado,0.6666666666666666
872,became,convertirse,0.0
873,cop,policía,0.25
874,la,la,1.0
875,mm,milímetro,0.3333333333333333
876,wine,vino,0.5
877,apartment,departamento,0.8571428571428571
878,upset,decepcionado,0.16666666666666666
879,cute,lindo,0.0
880,village,aldea,0.25
881,holy,santo,0.0
882,congratulations,felicidades,0.1111111111111111
883,jail,celda,0.3333333333333333
884,likes,gustos,0.25
885,sleeping,dormido,0.0
886,joke,broma,0.0
887,evil,demonio,0.0
888,lawyer,abogado,0.0
889,field,campo,0.0
890,contact,contacto,1.0
891,obviously,obviamente,0.4
892,store,tienda,0.0
893,quit,abandonar,0.0
894,dying,muriendo,0.25
895,queen,reina,0.5
896,shop,tienda,0.0
897,hundred,ciento,0.2
898,professor,profesor,0.8333333333333334
899,continue,seguir,0.0
900,whose,cuyo,0.0
901,driving,conduciendo,0.16666666666666666
902,appreciate,valorar,0.2
903,madam,señora,0.0
904,doubt,duda,0.3333333333333333
905,wrote,escribió,0.2
906,plane,plano,1.0
907,cash,dinero,0.0
908,island,isla,0.5
909,cat,gato,0.5
910,slow,lento,0.0
911,huge,enorme,0.0
912,decision,decisión,0.8
913,beer,cerveza,0.25
914,difference,diferencia,0.8333333333333334
915,thousand,mil,0.0
916,beginning,comienzo,0.16666666666666666
917,christ,cristo,0.8
918,push,empujar,0.25
919,south,sur,0.3333333333333333
920,gift,regalo,0.0
921,lt,es,0.0
922,glass,vidrio,0.0
923,eating,comiendo,0.25
924,tree,árbol,0.25
925,bear,llevar,0.25
926,stuck,atascado,0.25
927,colonel,coronel,0.75
928,rules,normas,0.5
929,north,norte,0.75
930,bus,autobús,0.5
931,seconds,segundos,0.8
932,dreams,sueños,0.25
933,partner,compañero,0.2
934,grab,tomar,0.0
935,victim,víctima,0.8
936,dirty,sucio,0.0
937,computer,computadora,0.8333333333333334
938,truck,camión,0.0
939,promised,prometido,0.8
940,reach,alcanzar,0.2
941,upon,al,0.0
942,singing,cantando,0.4
943,board,junta,0.0
944,shoes,zapatos,0.25
945,gives,da,0.0
946,staying,quedarse,0.0
947,fat,grasa,0.0
948,planet,planeta,1.0
949,henry,enrique,0.5
950,suddenly,de repente,0.0
951,mmm,mmm,1.0
952,putting,poniendo,0.4
953,search,búsqueda,0.0
954,lots,un montón,0.14285714285714285
955,immediately,inmediatamente,0.42857142857142855
956,wind,viento,0.3333333333333333
957,arrest,arrestar,0.8
958,jump,salto,0.0
959,support,apoyo,0.2
960,magic,magia,0.6666666666666666
961,owe,deber,0.0
962,crap,tonterías,0.16666666666666666
963,holding,tenencia,0.2
964,continues,continúa,0.8
965,usually,normalmente,0.14285714285714285
966,kitchen,cocina,0.4
967,summer,el verano,0.2
968,arms,brazos,0.5
969,de,delaware,0.25
970,patient,paciente,0.75
971,aunt,tía,0.0
972,experience,experiencia,1.0
973,heaven,cielo,0.0
974,james,james,1.0
975,paris,parís,0.75
976,grow,crecer,0.25
977,passed,pasó,0.5
978,rid,librar,0.25
979,harry,harry,1.0
980,river,río,0.3333333333333333
981,everywhere,en todas partes,0.1
982,listening,escuchando,0.16666666666666666
983,knock,golpear,0.0
984,escape,escapar,0.75
985,cheers,salud,0.0
986,aah,ah,1.0
987,bother,molestar,0.2
988,er,ejem,0.0
989,address,dirección,0.16666666666666666
990,foot,pie,0.0
991,yo,yo,1.0
992,moon,luna,0.5
993,turns,vueltas,0.25
994,mate,compañero,0.2
995,drinking,bebiendo,0.16666666666666666
996,grand,grandioso,0.8
997,worst,el peor,0.0
998,match,juego,0.0
999,nervous,nervioso,1.0
1000,final,final,1.0
1001,choose,elegir,0.0
1002,smoke,fumar,0.3333333333333333
1003,orders,pedidos,0.5
1004,otherwise,de lo contrario,0.0
1005,books,libros,0.5
1006,blame,culpa,0.3333333333333333
1007,press,prensa,0.75
1008,ls,ls,1.0
1009,decide,decidir,0.75
1010,drugs,drogas,1.0
1011,max,máximo,0.5
1012,smile,sonreír,0.2
1013,type,escribe,0.0
1014,ow,ay,0.0
1015,gay,homosexual,0.0
1016,picked,escogido,0.5
1017,mission,misión,0.75
1018,favor,favor,1.0
1019,nick,mella,0.0
1020,named,nombrada,0.6
1021,arrived,llegado,0.25
1022,allowed,permitió,0.0
1023,action,acción,0.5
1024,c,c,1.0
1025,duty,deber,0.3333333333333333
1026,price,precio,1.0
1027,guard,guardia,1.0
1028,pictures,fotos,0.4
1029,risk,riesgo,0.6666666666666666
1030,innocent,inocente,0.8
1031,danny,danny,1.0
1032,legs,piernas,0.25
1033,notice,aviso,0.0
1034,learned,aprendió,0.6
1035,begin,empezar,0.0
1036,enemy,enemigo,0.6666666666666666
1037,played,jugó,0.0
1038,kick,patada,0.0
1039,race,la raza,0.25
1040,suit,traje,0.0
1041,jimmy,palanqueta,0.0
1042,allow,permitir,0.0
1043,fit,adaptar,0.25
1044,yep,sí,0.0
1045,director,director,1.0
1046,shh,shh,1.0
1047,surprised,sorprendido,0.7142857142857143
1048,pregnant,embarazada,0.0
1049,nine,nueve,0.5
1050,dollars,dolares,0.8
1051,mrs,sra.,0.3333333333333333
1052,spot,lugar,0.0
1053,cross,cruz,0.5
1054,arm,brazo,0.3333333333333333
1055,upstairs,piso superior,0.42857142857142855
1056,steal,robar,0.0
1057,feelings,sentimientos,0.2857142857142857
1058,brothers,hermanos,0.3333333333333333
1059,rings,anillos,0.25
1060,chicken,pollo,0.0
1061,names,nombres,0.6
1062,grunts,gruñidos,0.6
1063,apart,aparte,1.0
1064,twice,dos veces,0.16666666666666666
1065,department,departamento,1.0
1066,according,de acuerdo a,0.3333333333333333
1067,silly,tonto,0.0
1068,bob,beto,0.5
1069,hero,héroe,0.6666666666666666
1070,gas,gas,1.0
1071,closed,cerrado,0.5
1072,admit,admitir,0.75
1073,destroy,destruir,0.8
1074,sergeant,sargento,1.0
1075,alex,alex,1.0
1076,guilty,culpable,0.2
1077,low,bajo,0.0
1078,leg,pierna,0.0
1079,taste,gusto,0.6666666666666666
1080,waste,desperdicio,0.16666666666666666
1081,tony,tony,1.0
1082,earlier,más temprano,0.1111111111111111
1083,awesome,increíble,0.0
1084,fired,encendido,0.2
1085,london,londres,0.6
1086,west,oeste,0.6666666666666666
1087,bunch,racimo,0.25
1088,battle,batalla,0.75
1089,study,estudiar,0.75
1090,bigger,más grande,0.25
1091,mention,mencion,0.75
1092,writing,escritura,0.2
1093,helping,ayudar,0.0
1094,bell,campana,0.0
1095,ray,rayo,1.0
1096,sold,vendido,0.25
1097,ways,maneras,0.25
1098,stage,escenario,0.25
1099,written,escrito,0.2
1100,keeping,acuerdo,0.0
1101,hole,agujero,0.0
1102,locked,bloqueado,0.25
1103,lock,cerrar,0.0
1104,weapon,arma,0.0
1105,jim,jim,1.0
1106,places,lugares,0.25
1107,helped,ayudó,0.0
1108,indeed,por supuesto,0.0
1109,energy,energía,0.75
1110,treat,tratar,0.75
1111,burn,quemar,0.0
1112,stole,robó,0.0
1113,hiding,ocultación,0.0
1114,form,forma,1.0
1115,sky,cielo,0.0
1116,gasps,jadeos,0.25
1117,breakfast,desayuno,0.0
1118,band,banda,1.0
1119,figured,figurado,1.0
1120,seemed,pareció,0.0
1121,empty,vacío,0.0
1122,fresh,nuevo,0.0
1123,prince,príncipe,0.6666666666666666
1124,track,pista,0.0
1125,spirit,espíritu,0.8
1126,complete,completo,1.0
1127,reading,lectura,0.0
1128,nose,nariz,0.3333333333333333
1129,favorite,favorito,1.0
1130,memory,memoria,0.75
1131,sarah,sara,0.6666666666666666
1132,laughter,la risa,0.2
1133,roll,rodar,0.3333333333333333
1134,witness,testigo,0.2
1135,starts,empieza,0.0
1136,double,doble,1.0
1137,however,sin embargo,0.14285714285714285
1138,bathroom,baño,0.2
1139,e,mi,0.0
1140,build,construir,0.0
1141,bomb,bomba,1.0
1142,pressure,presión,0.6
1143,flight,vuelo,0.2
1144,interest,interés,0.6
1145,flowers,flores,0.8
1146,goddamn,maldita sea,0.16666666666666666
1147,following,siguiendo,0.16666666666666666
1148,dogs,perros,0.25
1149,steve,steve,1.0
1150,throat,garganta,0.2
1151,cost,costo,1.0
1152,danger,peligro,0.5
1153,closer,cerca,0.25
1154,asshole,estúpido,0.2
1155,neck,cuello,0.0
1156,van,camioneta,0.25
1157,raise,elevar,0.0
1158,acting,interino,0.25
1159,mommy,mamá,0.5
1160,plans,planes,1.0
1161,adam,adán,0.3333333333333333
1162,shooting,tiroteo,0.2
1163,beg,mendigar,0.2
1164,narrator,narrador,0.8
1165,losing,perdiendo,0.2
1166,ridiculous,ridículo,0.6
1167,suspect,sospechar,0.6666666666666666
1168,bottle,botella,0.75
1169,warm,cálido,0.0
1170,beauty,belleza,0.25
1171,nature,naturaleza,0.6
1172,medical,médico,0.5
1173,apparently,aparentemente,0.42857142857142855
1174,asleep,dormido,0.0
1175,guns,pistolas,0.2
1176,video,video,1.0
1177,rain,lluvia,0.0
1178,camp,acampar,0.75
1179,shame,verguenza,0.0
1180,driver,conductor,0.3333333333333333
1181,keys,llaves,0.25
1182,bird,pájaro,0.0
1183,built,construido,0.16666666666666666
1184,crowd,multitud,0.2
1185,extra,extra,1.0
1186,heavy,pesado,0.0
1187,simply,simplemente,0.5714285714285714
1188,famous,famoso,1.0
1189,pants,pantalones,0.6666666666666666
1190,majesty,majestad,0.8
1191,keeps,mantiene,0.0
1192,level,nivel,0.6666666666666666
1193,tommy,tommy,1.0
1194,faith,fe,0.3333333333333333
1195,animals,animales,1.0
1196,commander,comandante,0.5
1197,wild,salvaje,0.25
1198,richard,ricardo,0.8
1199,showed,mostró,0.2
1200,awful,horrible,0.2
1201,lay,poner,0.0
1202,deserve,merecer,0.0
1203,excellent,excelente,0.8333333333333334
1204,client,cliente,1.0
1205,plenty,mucho,0.0
1206,consider,considerar,0.8333333333333334
1207,excited,entusiasmado,0.16666666666666666
1208,engine,motor,0.0
1209,billy,porra,0.0
1210,pop,estallido,0.0
1211,ringing,el sonar,0.2
1212,animal,animal,1.0
1213,hoping,esperando,0.4
1214,responsible,responsable,1.0
1215,jane,jane,1.0
1216,wondering,preguntarse,0.14285714285714285
1217,devil,demonio,0.3333333333333333
1218,weekend,fin de semana,0.125
1219,stone,piedra,0.0
1220,sweetheart,cariño,0.16666666666666666
1221,large,largo,1.0
1222,military,militar,0.8
1223,cook,cocinero,0.25
1224,skin,piel,0.0
1225,knife,cuchillo,0.0
1226,common,común,0.75
1227,grace,gracia,1.0
1228,papers,documentos,0.16666666666666666
1229,drug,droga,1.0
1230,willing,deseoso,0.0
1231,necessary,necesario,0.6666666666666666
1232,whoever,quien,0.0
1233,blind,ciego,0.0
1234,flying,volador,0.2
1235,german,alemán,0.25
1236,beach,playa,0.0
1237,hat,sombrero,0.0
1238,walked,caminado,0.25
1239,lights,luces,0.4
1240,local,local,1.0
1241,stars,estrellas,0.6666666666666666
1242,although,a pesar de que,0.0
1243,code,código,0.5
1244,main,principal,0.16666666666666666
1245,grunting,gruñendo,0.5
1246,faster,más rápido,0.25
1247,hall,salón,0.25
1248,opportunity,oportunidad,0.5714285714285714
1249,bullshit,mierda,0.0
1250,corner,esquina,0.25
1251,fuckin,maldito,0.0
1252,cars,coches,0.5
1253,johnny,johnny,1.0
1254,agreed,acordado,0.5
1255,cup,taza,0.0
1256,lies,mentiras,0.2
1257,knowing,conocimiento,0.3333333333333333
1258,justice,justicia,1.0
1259,due,adeudado,0.3333333333333333
1260,rose,rosa,1.0
1261,leaves,hojas,0.3333333333333333
1262,princess,princesa,0.8333333333333334
1263,folks,amigos,0.25
1264,bottom,abajo,0.25
1265,apologize,disculparse,0.14285714285714285
1266,ghost,fantasma,0.2
1267,tight,apretado,0.0
1268,lee,sotavento,0.0
1269,dick,polla,0.0
1270,grandma,abuela,0.0
1271,restaurant,restaurante,1.0
1272,language,idioma,0.0
1273,weapons,armas,0.25
1274,east,este,1.0
1275,fellow,compañero,0.0
1276,note,nota,1.0
1277,leader,líder,0.75
1278,several,varios,0.5
1279,tells,dice,0.0
1280,clearly,claramente,0.5
1281,health,salud,0.25
1282,shows,espectáculos,0.25
1283,correct,correcto,1.0
1284,angel,ángel,0.75
1285,hanging,colgando,0.4
1286,stories,cuentos,0.25
1287,jake,jake,1.0
1288,pulled,tirado,0.25
1289,rule,regla,0.6666666666666666
1290,cousin,primo,0.0
1291,advice,consejo,0.0
1292,beyond,más allá de,0.1111111111111111
1293,held,retenida,0.25
1294,hardly,difícilmente,0.125
1295,pardon,indulto,0.0
1296,milk,leche,0.0
1297,dancing,bailando,0.2
1298,groans,gemidos,0.5
1299,gotten,conseguido,0.0
1300,spoke,habló,0.0
1301,speed,velocidad,0.2
1302,understood,comprendido,0.2857142857142857
1303,file,expediente,0.0
1304,tape,cinta,0.0
1305,practice,práctica,0.8333333333333334
1306,taught,enseñó,0.0
1307,among,entre,0.0
1308,murdered,asesinado,0.2
1309,emergency,emergencia,0.8333333333333334
1310,ought,debería,0.0
1311,somehow,de alguna manera,0.1111111111111111
1312,bridge,puente,0.0
1313,coach,entrenador,0.0
1314,martin,martín,0.8
1315,inspector,inspector,1.0
1316,minister,ministro,1.0
1317,states,estados,0.75
1318,applause,aplausos,0.5
1319,possibly,posiblemente,0.42857142857142855
1320,conversation,conversación,0.75
1321,hearing,audiencia,0.25
1322,national,nacional,0.75
1323,account,cuenta,0.75
1324,breath,aliento,0.25
1325,shouting,gritos,0.2
1326,crew,tripulación,0.14285714285714285
1327,lied,mintió,0.0
1328,meat,carne,0.0
1329,cake,pastel,0.0
1330,strength,fuerza,0.14285714285714285
1331,natural,natural,1.0
1332,career,carrera profesional,0.2727272727272727
1333,plus,más,0.3333333333333333
1334,dressed,vestido,0.4
1335,sight,visión,0.0
1336,vote,votar,0.6666666666666666
1337,powerful,poderoso,0.4
1338,copy,copiar,0.6666666666666666
1339,nonsense,disparates,0.16666666666666666
1340,student,alumno,0.2
1341,dropped,caído,0.2
1342,trial,prueba,0.3333333333333333
1343,freedom,libertad,0.2
1344,breathe,respirar,0.0
1345,market,mercado,0.5
1346,doc,doc,1.0
1347,soldiers,soldados,0.8
1348,serve,atender,0.0
1349,photo,foto,0.3333333333333333
1350,manager,gerente,0.0
1351,robert,roberto,1.0
1352,eddie,eddie,1.0
1353,towards,hacia,0.0
1354,biggest,más grande,0.125
1355,horrible,horrible,1.0
1356,arrested,detenido,0.2
1357,size,talla,0.0
1358,bringing,trayendo,0.3333333333333333
1359,noticed,observó,0.0
1360,fantastic,fantástico,0.8571428571428571
1361,papa,papá,0.6666666666666666
1362,operation,operación,0.6
1363,greatest,mayor,0.0
1364,nearly,por poco,0.2
1365,chinese,chino,0.75
1366,cheering,aplausos,0.0
1367,checked,comprobado,0.3333333333333333
1368,trick,truco,0.75
1369,breaking,rotura,0.2
1370,older,más viejo,0.0
1371,sweetie,cariño,0.0
1372,teeth,dientes,0.25
1373,pack,paquete,0.3333333333333333
1374,monster,monstruo,1.0
1375,ideas,ideas,1.0
1376,center,centro,1.0
1377,forgotten,olvidado,0.0
1378,travel,viajar,0.0
1379,hurts,duele,0.0
1380,belong,pertenecer,0.16666666666666666
1381,grandpa,abuelo,0.0
1382,target,objetivo,0.0
1383,games,juegos,0.3333333333333333
1384,science,ciencias,0.5
1385,planning,planificación,0.375
1386,project,proyecto,0.8
1387,remain,permanecer,0.5
1388,united,unido,0.6666666666666666
1389,paying,pago,0.5
1390,feed,alimento,0.0
1391,numbers,números,0.6
1392,fake,falso,0.3333333333333333
1393,chris,cris,0.75
1394,prepared,preparado,1.0
1395,aw,oh,0.0
1396,credit,crédito,0.8
1397,suicide,suicidio,1.0
1398,records,registros,0.3333333333333333
1399,investigation,investigación,0.75
1400,nurse,enfermera,0.4
1401,oil,aceite,0.0
1402,criminal,delincuente,0.16666666666666666
1403,soldier,soldado,0.75
1404,recognize,reconocer,0.4
1405,loud,alto,0.5
1406,plays,obras de teatro,0.0
1407,original,original,1.0
1408,heads,cabezas,0.25
1409,shirt,camisa,0.0
1410,example,ejemplo,0.75
1411,strike,huelga,0.0
1412,pray,rezar,0.0
1413,chair,silla,0.0
1414,invited,invitado,1.0
1415,fill,llenar,0.25
1416,survive,sobrevivir,0.6666666666666666
1417,jealous,celoso,0.6666666666666666
1418,universe,universo,1.0
1419,discuss,conversar,0.16666666666666666
1420,command,dominio,0.4
1421,easier,más fácil,0.125
1422,super,súper,0.75
1423,training,capacitación,0.14285714285714285
1424,incredible,increíble,0.8333333333333334
1425,pretend,fingir,0.0
1426,condition,condición,0.6666666666666666
1427,challenge,desafío,0.0
1428,bobby,poli,0.0
1429,prepare,preparar,0.8
1430,truly,realmente,0.2
1431,balls,pelotas,0.5
1432,roger,recibido,0.25
1433,perfectly,perfectamente,0.625
1434,ticket,boleto,0.25
1435,nowhere,en ningún lugar,0.18181818181818182
1436,honestly,honestamente,0.5714285714285714
1437,comfortable,cómodo,0.14285714285714285
1438,meaning,sentido,0.25
1439,view,vista,0.3333333333333333
1440,program,programa,1.0
1441,brown,marrón,0.4
1442,dry,seco,0.0
1443,wash,lavar,0.0
1444,turning,torneado,0.6
1445,concerned,preocupado,0.3333333333333333
1446,society,sociedad,0.5
1447,cards,tarjetas,0.4
1448,prefer,preferir,0.8
1449,nuts,nueces,0.6666666666666666
1450,stolen,robado,0.0
1451,release,liberar,0.0
1452,birth,nacimiento,0.0
1453,onto,sobre,0.0
1454,sunday,domingo,0.0
1455,research,investigar,0.16666666666666666
1456,usual,habitual,0.25
1457,guest,invitado,0.25
1458,amy,amy,1.0
1459,ln,en,0.5
1460,ugly,feo,0.0
1461,lift,levantar,0.4
1462,opinion,opinión,0.75
1463,began,empezó,0.0
1464,destroyed,destruido,0.8333333333333334
1465,character,personaje,0.16666666666666666
1466,mountain,montaña,0.75
1467,heat,calor,0.0
1468,surely,seguramente,0.3333333333333333
1469,movies,películas,0.16666666666666666
1470,ho,ho,1.0
1471,tie,corbata,0.25
1472,finding,hallazgo,0.2
1473,sheriff,alguacil,0.0
1474,whoo,guau,0.0
1475,pieces,piezas,0.6666666666666666
1476,bro,hermano,0.25
1477,color,color,1.0
1478,dumb,mudo,0.3333333333333333
1479,unfortunately,desafortunadamente,0.4
1480,mister,señor,0.5
1481,letting,dejar,0.0
1482,charles,charles,1.0
1483,daniel,daniel,1.0
1484,n,norte,0.3333333333333333
1485,bodies,cuerpos,0.25
1486,believed,creía,0.0
1487,matters,asuntos,0.4
1488,sword,espada,0.5
1489,threw,tiró,0.5
1490,ended,terminó,0.0
1491,screams,carcajadas,0.3333333333333333
1492,france,francia,1.0
1493,exist,existir,0.75
1494,ryan,ryan,1.0
1495,lab,laboratorio,0.4
1496,bullet,bala,0.5
1497,proof,prueba,0.6666666666666666
1498,base,base,1.0
1499,aware,consciente,0.0
1500,bucks,dólares,0.2
1501,cream,crema,1.0
1502,noise,ruido,0.0
1503,total,total,1.0
1504,selling,venta,0.2
1505,kim,kim,1.0
1506,gang,pandilla,0.2
1507,happiness,felicidad,0.0
1508,afford,solventar,0.0
1509,brilliant,brillante,1.0
1510,joy,alegría,0.0
1511,letters,letras,0.8
1512,students,estudiantes,1.0
1513,breathing,respiración,0.14285714285714285
1514,anna,ana,0.5
1515,female,femenino,0.5
1516,realized,comprendió,0.14285714285714285
1517,opened,abrió,0.0
1518,draw,dibujar,0.25
1519,aye,sí,0.0
1520,created,creado,0.75
1521,whenever,cuando sea,0.0
1522,male,masculino,0.4
1523,bite,morder,0.0
1524,slept,dormido,0.0
1525,shower,ducha,0.0
1526,stayed,permaneció,0.0
1527,social,social,1.0
1528,create,crear,0.6666666666666666
1529,followed,seguido,0.2
1530,ends,termina,0.0
1531,audience,audiencia,1.0
1532,purpose,objetivo,0.0
1533,kevin,kevin,1.0
1534,fate,destino,0.25
1535,handsome,guapo,0.0
1536,england,inglaterra,0.5
1537,eric,eric,1.0
1538,disappeared,desaparecido,0.6666666666666666
1539,lately,últimamente,0.2857142857142857
1540,weak,débil,0.0
1541,falling,descendente,0.14285714285714285
1542,friday,viernes,0.25
1543,suggest,sugerir,0.4
1544,lonely,solitaria,0.0
1545,saturday,sábado,0.4
1546,screw,tornillo,0.0
1547,dan,dan,1.0
1548,introduce,introducir,0.8333333333333334
1549,gentleman,caballero,0.16666666666666666
1550,b,b,1.0
1551,medicine,medicamento,0.6666666666666666
1552,ancient,antiguo,0.25
1553,settle,asentarse,0.4
1554,responsibility,responsabilidad,0.7777777777777778
1555,thousands,miles,0.16666666666666666
1556,fucked,jodido,0.25
1557,birds,aves,0.25
1558,enter,ingresar,0.4
1559,opening,apertura,0.25
1560,forced,forzado,0.75
1561,ugh,puaj,0.0
1562,brave,bravo,1.0
1563,split,separar,0.5
1564,weight,peso,0.0
1565,ordered,ordenado,0.75
1566,unit,unidad,0.3333333333333333
1567,pig,cerdo,0.0
1568,horses,caballos,0.2
1569,desk,escritorio,0.0
1570,finger,dedo,0.0
1571,tiny,diminuto,0.25
1572,expecting,esperando,0.3333333333333333
1573,pool,piscina,0.25
1574,focus,enfoque,0.0
1575,garden,jardín,0.6
1576,received,recibió,0.5
1577,property,propiedad,0.5
1578,slowly,despacio,0.0
1579,naked,desnudo,0.25
1580,mayor,alcalde,0.0
1581,flat,plano,0.3333333333333333
1582,issue,tema,0.0
1583,brings,trae,0.2
1584,british,británico,0.5
1585,pal,camarada,0.0
1586,interview,entrevista,0.6666666666666666
1587,fan,admirador,0.0
1588,signal,señal,0.5
1589,lines,líneas,0.75
1590,brian,brian,1.0
1591,silence,silencio,1.0
1592,surgery,cirugía,0.4
1593,harm,dañar,0.0
1594,sees,ve,0.0
1595,staff,personal,0.0
1596,al,alabama,0.3333333333333333
1597,chef,cocinero,0.25
1598,jeff,jeff,1.0
1599,insane,loco,0.0
1600,easily,fácilmente,0.14285714285714285
1601,signed,firmado,0.25
1602,weather,clima,0.0
1603,distance,distancia,1.0
1604,failed,ha fallado,0.5
1605,san,san,1.0
1606,add,agregar,0.0
1607,cares,se preocupa,0.16666666666666666
1608,process,proceso,0.8
1609,season,temporada,0.0
1610,access,acceso,0.75
1611,spanish,español,0.4
1612,model,modelo,1.0
1613,spare,repuesto,0.25
1614,recently,recientemente,0.5714285714285714
1615,discovered,descubierto,0.6666666666666666
1616,wet,mojado,0.0
1617,ohh,oh,0.5
1618,fingers,dedos,0.2
1619,loose,suelto,0.3333333333333333
1620,path,sendero,0.0
1621,russian,ruso,0.5
1622,expected,esperado,0.4
1623,member,miembro,1.0
1624,babe,bebé,0.6666666666666666
1625,returned,devuelto,0.0
1626,style,estilo,0.75
1627,pete,pete,1.0
1628,kinda,un tanto,0.2
1629,alarm,alarma,1.0
1630,sending,enviando,0.4
1631,based,establecido,0.3333333333333333
1632,covered,cubierto,0.5
1633,fbi,fbi,1.0
1634,japanese,japonés,0.8
1635,sugar,azúcar,0.25
1636,roof,techo,0.0
1637,streets,calles,0.2
1638,funeral,funeral,1.0
1639,bright,brillante,0.5
1640,damage,daño,0.3333333333333333
1641,jerry,alemán,0.0
1642,stomach,estómago,0.4
1643,bread,pan de molde,0.125
1644,remind,recordar,0.4
1645,lake,lago,0.5
1646,snow,nieve,0.3333333333333333
1647,castle,castillo,0.8
1648,speech,discurso,0.2
1649,manage,administrar,0.2857142857142857
1650,heading,bóveda,0.0
1651,ed,educar,0.3333333333333333
1652,block,bloquear,0.5
1653,shake,sacudir,0.25
1654,opens,abre,0.0
1655,buried,enterrado,0.4
1656,dr,dr.,0.6666666666666666
1657,doors,puertas,0.5
1658,thoughts,pensamientos,0.2857142857142857
1659,thomas,tomas,0.75
1660,simon,simón,0.75
1661,dig,excavar,0.0
1662,kate,kate,1.0
1663,post,correo,0.0
1664,showing,demostración,0.125
1665,drinks,bebidas,0.2
1666,reality,la realidad,0.3333333333333333
1667,soft,suave,0.3333333333333333
1668,harder,más difícil,0.1111111111111111
1669,football,fútbol,0.6
1670,spread,untado,0.25
1671,ill,enfermo,0.0
1672,coat,saco,0.0
1673,ruined,arruinado,0.75
1674,scott,escocés,0.4
1675,ears,orejas,0.6666666666666666
1676,chest,cofre,0.25
1677,andy,andy,1.0
1678,success,éxito,0.0
1679,sooner,cuanto antes,0.14285714285714285
1680,madame,señora,0.0
1681,safety,la seguridad,0.14285714285714285
1682,maria,maría,0.6666666666666666
1683,permission,permiso,0.6666666666666666
1684,fancy,lujoso,0.0
1685,spring,primavera,0.2
1686,cos,porque,0.0
1687,outta,fuera de,0.0
1688,theory,teoría,0.5
1689,gate,portón,0.2
1690,journey,viaje,0.0
1691,tickets,entradas,0.2
1692,expensive,caro,0.0
1693,paint,pintar,0.75
1694,lover,amante,0.0
1695,nope,no,0.5
1696,dave,dave,1.0
1697,mood,estado animico,0.14285714285714285
1698,members,miembros,1.0
1699,storm,tormenta,0.4
1700,page,página,0.5
1701,hidden,oculto,0.0
1702,cheese,queso,0.3333333333333333
1703,priest,sacerdote,0.4
1704,regret,lamentar,0.2
1705,contract,contrato,0.8333333333333334
1706,thief,ladrón,0.0
1707,divorce,divorcio,1.0
1708,lesson,lección,0.4
1709,personally,personalmente,0.625
1710,eggs,huevos,0.3333333333333333
1711,community,comunidad,0.5
1712,subject,tema,0.0
1713,rent,renta,1.0
1714,revenge,venganza,0.4
1715,trade,comercio,0.25
1716,nights,noches,0.6
1717,sudden,repentino,0.2
1718,forest,bosque,0.25
1719,bless,bendecir,0.2
1720,changes,cambios,0.4
1721,rush,prisa,0.3333333333333333
1722,ate,comió,0.0
1723,trees,árboles,0.4
1724,santa,papa noel,0.2
1725,basically,básicamente,0.42857142857142855
1726,da,da,1.0
1727,details,detalles,0.8
1728,owner,dueño,0.0
1729,doctors,medicos,0.4
1730,william,william,1.0
1731,amount,monto,1.0
1732,barely,apenas,0.0
1733,artist,artista,1.0
1734,pocket,bolsillo,0.0
1735,cancer,cáncer,0.8
1736,pair,par,1.0
1737,caused,causado,1.0
1738,alan,alan,1.0
1739,ruin,ruina,1.0
1740,dating,fechado,0.0
1741,grandfather,abuelo,0.0
1742,painting,cuadro,0.0
1743,bike,bicicleta,0.2
1744,loss,pérdida,0.0
1745,liar,mentiroso,0.2
1746,goin,entra,0.0
1747,hill,cerro,0.0
1748,winter,invierno,0.25
1749,points,puntos,1.0
1750,assistant,asistente,0.8333333333333334
1751,murderer,asesino,0.0
1752,legal,legal,1.0
1753,nah,no,0.5
1754,larry,larry,1.0
1755,growing,creciente,0.4
1756,tears,lágrimas,0.3333333333333333
1757,runs,carreras,0.4
1758,lisa,lisa,1.0
1759,buying,comprar,0.0
1760,exciting,emocionante,0.4
1761,farm,granja,0.25
1762,cheap,barato,0.0
1763,tongue,lengua,0.6666666666666666
1764,toilet,inodoro,0.0
1765,reasons,razones,0.75
1766,genius,genio,0.6666666666666666
1767,square,cuadrado,0.25
1768,secretary,secretario,0.8333333333333334
1769,europe,europa,1.0
1770,connection,conexión,0.5
1771,scare,susto,0.3333333333333333
1772,victims,victimas,1.0
1773,bones,huesos,0.3333333333333333
1774,rough,bruto,0.0
1775,downstairs,abajo,0.0
1776,bedroom,dormitorio,0.4
1777,obvious,obvio,0.6666666666666666
1778,cases,casos,1.0
1779,professional,profesional,0.8571428571428571
1780,university,universidad,0.6666666666666666
1781,walter,walter,1.0
1782,tour,recorrido,0.2
1783,player,jugador,0.25
1784,silver,plata,0.25
1785,pity,lástima,0.2
1786,pleased,encantado,0.2
1787,clock,reloj,0.25
1788,memories,recuerdos,0.4
1789,parts,partes,1.0
1790,rachel,raquel,0.5
1791,grew,creció,0.25
1792,ocean,oceano,1.0
1793,burning,incendio,0.2
1794,dna,adn,1.0
1795,invite,invitar,0.75
1796,foreign,extranjero,0.16666666666666666
1797,planned,planificado,0.6666666666666666
1798,ashamed,avergonzado,0.16666666666666666
1799,avoid,evitar,0.3333333333333333
1800,boring,aburrido,0.5
1801,crash,choque,0.25
1802,lower,más bajo,0.0
1803,bath,bañera,0.3333333333333333
1804,romantic,romántico,0.8333333333333334
1805,repeat,repetir,0.75
1806,fortune,fortuna,1.0
1807,secrets,misterios,0.4
1808,century,siglo,0.0
1809,warning,advertencia,0.3333333333333333
1810,jason,jason,1.0
1811,insurance,seguro,0.2
1812,airport,aeropuerto,1.0
1813,complicated,complicado,0.8571428571428571
1814,grown,crecido,0.25
1815,suck,chupar,0.0
1816,familiar,familiar,1.0
1817,reached,alcanzó,0.2
1818,rome,roma,1.0
1819,higher,más alto,0.0
1820,mentioned,mencionado,0.8
1821,gosh,dios mio,0.25
1822,results,resultados,0.8333333333333334
1823,filled,lleno,0.5
1824,woods,bosque,0.0
1825,temple,templo,1.0
1826,likely,probable,0.0
1827,rights,derechos,0.4
1828,younger,más joven,0.0
1829,belongs,pertenece,0.0
1830,knowledge,conocimiento,0.16666666666666666
1831,map,mapa,1.0
1832,competition,competencia,0.6666666666666666
1833,finds,encuentra,0.2
1834,photos,fotos,0.5
1835,indistinct,indistinto,0.8571428571428571
1836,yelling,gritando,0.2
1837,defense,defensa,1.0
1838,carefully,con cuidado,0.16666666666666666
1839,useless,inútil,0.0
1840,guests,huéspedes,0.3333333333333333
1841,goodness,bondad,0.2
1842,per,por,1.0
1843,bleep,emitir pitidos,0.125
1844,including,incluido,0.6666666666666666
1845,jobs,trabajos,0.4
1846,china,china,1.0
1847,event,evento,1.0
1848,humans,humanos,1.0
1849,glasses,lentes,0.4
1850,annie,annie,1.0
1851,attacked,atacado,0.6
1852,waited,esperado,0.25
1853,stops,se detiene,0.2
1854,period,período,0.75
1855,shape,forma,0.0
1856,beeping,pitido,0.25
1857,proper,correcto,0.2
1858,depends,depende,0.8
1859,telephone,teléfono,0.6
1860,celebrate,celebrar,0.8
1861,request,solicitud,0.2
1862,fixed,fijado,0.6666666666666666
1863,political,político,0.6
1864,assume,asumir,0.3333333333333333
1865,grant,otorgar,0.25
1866,affair,asunto,0.0
1867,sexy,sexy,1.0
1868,led,dirigió,0.0
1869,matt,mate,0.6666666666666666
1870,grave,tumba,0.0
1871,officers,oficiales,0.6
1872,giant,gigante,0.75
1873,plant,planta,1.0
1874,eventually,finalmente,0.16666666666666666
1875,fought,luchado,0.25
1876,hired,contratado,0.3333333333333333
1877,site,sitio,1.0
1878,pounds,libras,0.25
1879,speaks,habla,0.0
1880,delicious,delicioso,1.0
1881,statement,declaración,0.0
1882,millions,millones,1.0
1883,rise,elevar,0.0
1884,jacket,chaqueta,0.25
1885,kelly,kelly,1.0
1886,badly,gravemente,0.0
1887,tall,alto,0.3333333333333333
1888,alice,alicia,1.0
1889,mercy,misericordia,0.5
1890,whore,puta,0.0
1891,saving,ahorro,0.0
1892,f,f,1.0
1893,suffer,sufrir,0.75
1894,switch,cambiar,0.0
1895,deliver,entregar,0.2
1896,royal,real,0.6666666666666666
1897,meal,comida,0.3333333333333333
1898,direction,dirección,0.6666666666666666
1899,families,familias,1.0
1900,odd,extraño,0.0
1901,walls,paredes,0.25
1902,sexual,sexual,1.0
1903,forces,efectivo,0.25
1904,particular,especial,0.3333333333333333
1905,data,datos,0.6666666666666666
1906,horn,bocina,0.3333333333333333
1907,golden,dorado,0.25
1908,chase,perseguir,0.2
1909,powers,potestades,0.3333333333333333
1910,attorney,abogado,0.0
1911,official,oficial,0.75
1912,rat,rata,1.0
1913,pizza,pizza,1.0
1914,confused,confundido,0.6666666666666666
1915,faces,caras,0.3333333333333333
1916,positive,positivo,1.0
1917,becomes,se convierte,0.14285714285714285
1918,shock,choque,0.25
1919,soup,sopa,1.0
1920,emily,emily,1.0
1921,offered,ofrecido,0.5
1922,wherever,lo que sea,0.0
1923,courage,coraje,0.6666666666666666
1924,doin,haciendo,0.25
1925,answers,respuestas,0.3333333333333333
1926,yellow,amarillo,0.25
1927,patients,pacientes,0.8
1928,raised,aumentó,0.0
1929,changing,cambiando,0.3333333333333333
1930,location,ubicación,0.4
1931,jerk,imbécil,0.0
1932,chocolate,chocolate,1.0
1933,image,imagen,0.6666666666666666
1934,regular,regular,1.0
1935,screwed,atornillado,0.16666666666666666
1936,hunt,caza,0.0
1937,carrying,que lleva,0.0
1938,taxi,taxi,1.0
1939,watched,visto,0.0
1940,appear,aparecer,0.5
1941,knocking,golpes,0.0
1942,piss,orinar,0.0
1943,committed,comprometido,0.5714285714285714
1944,disgusting,desagradable,0.42857142857142855
1945,clever,inteligente,0.16666666666666666
1946,wound,herida,0.3333333333333333
1947,arthur,arturo,0.75
1948,plate,lámina,0.0
1949,television,televisión,0.8333333333333334
1950,gods,dioses,0.3333333333333333
1951,lips,labios,0.6666666666666666
1952,monday,lunes,0.25
1953,picking,cosecha,0.2
1954,freak,fenómeno,0.2
1955,traffic,tráfico,0.8
1956,headed,con membrete,0.0
1957,india,india,1.0
1958,dawn,amanecer,0.0
1959,leo,león,0.3333333333333333
1960,poison,veneno,0.3333333333333333
1961,charges,cargos,0.8
1962,sat,se sentó,0.3333333333333333
1963,kicked,golpeado,0.25
1964,scary,aterrador,0.2
1965,mystery,misterio,0.6666666666666666
1966,indian,indio,0.6666666666666666
1967,pure,puro,1.0
1968,bang,estallido,0.0
1969,disease,enfermedad,0.0
1970,italian,italiano,1.0
1971,march,marcha,1.0
1972,drove,condujo,0.0
1973,laura,laura,1.0
1974,role,role,1.0
1975,shots,tiros,0.25
1976,butt,extremo,0.25
1977,victory,victoria,0.8
1978,touched,tocado,0.75
1979,dealing,relación comercial,0.18181818181818182
1980,trap,trampa,0.75
1981,nation,nación,0.5
1982,healthy,saludable,0.2
1983,babies,bebés,0.75
1984,shopping,compras,0.16666666666666666
1985,stood,permaneció,0.0
1986,desire,deseo,0.6666666666666666
1987,aside,aparte,0.0
1988,midnight,doce de la noche,0.2
1989,physical,físico,0.3333333333333333
1990,jury,jurado,0.6666666666666666
1991,checking,comprobación,0.25
1992,appointment,cita,0.14285714285714285
1993,songs,canciones,0.4
1994,awake,despierto,0.0
1995,carl,carlo,1.0
1996,honour,honor,1.0
1997,swim,nadar,0.0
1998,dies,muere,0.0
1999,mail,correo,0.0
