,french,german,Distances
0,c',gegen',0.25
1,a,hat,0.0
2,l',ich',0.3333333333333333
3,j',ich,0.0
4,ça,das,0.0
5,d',von,0.0
6,qu',das,0.0
7,n',nicht',0.4
8,bien,gut,0.0
9,si,wenn,0.0
10,non,nö,0.5
11,t',sie,0.0
12,tout,alles,0.0
13,plus,mehr,0.0
14,m',mich,0.3333333333333333
15,fait,tun,0.0
16,s',wenn,0.0
17,oui,jawohl,0.0
18,va,gehen,0.0
19,faire,machen,0.0
20,quoi,was,0.0
21,comme,wie,0.0
22,sais,kennt,0.0
23,être,sein,0.0
24,veux,wollen,0.0
25,ici,hier,0.0
26,est-ce,ist es,0.5
27,dit,sagte,0.3333333333333333
28,pourquoi,warum,0.3333333333333333
29,où,wo,0.0
30,là,das,0.0
31,rien,nichts,0.0
32,cette,dies,0.0
33,quand,wenn,0.3333333333333333
34,peux,kann,0.0
35,dire,sagen,0.0
36,vais,gehen,0.0
37,alors,dann,0.0
38,comment,wie? 'oder' was,0.0
39,chose,ding,0.0
40,bon,brunnen,0.4
41,merci,danke,0.0
42,juste,nur,0.0
43,très,sehr,0.0
44,jamais,noch nie,0.0
45,aussi,zu,0.0
46,avoir,haben,0.0
47,vraiment,ja wirklich,0.125
48,voir,sehen,0.0
49,oh,oh,1.0
50,maintenant,jetzt,0.3333333333333333
51,tous,alle,0.0
52,peut,kann,0.0
53,deux,von ihnen,0.0
54,allez,aufleuchten,0.16666666666666666
55,autre,sonstiges,0.16666666666666666
56,peu,wenig,0.0
57,temps,zeit,0.0
58,quelque,etwas,0.0
59,fais,tun,0.0
60,toujours,still,0.0
61,encore,wieder,0.3333333333333333
62,besoin,brauchen,0.4
63,accord,ok,0.0
64,faut,sollte,0.25
65,dois,muss,0.3333333333333333
66,vie,leben,0.0
67,peut-être,kann sein,0.0
68,aller,gehen,0.0
69,fois,zeit,0.0
70,vu,gesehen,0.0
71,donc,also,0.0
72,sans,ohne,0.3333333333333333
73,monde,welt,0.0
74,parce,durch,0.5
75,avant,vor,0.3333333333333333
76,sûr,sicher,0.5
77,trop,zu,0.0
78,quelqu',jemand,0.0
79,parler,sich unterhalten,0.18181818181818182
80,personne,niemand,0.2
81,père,papa,0.3333333333333333
82,crois,glauben,0.0
83,après,nach,0.0
84,dieu,gott,0.0
85,ouais,ja,0.0
86,pense,denken,0.25
87,aime,liebe,0.0
88,homme,mann,0.0
89,viens,kommen sie,0.3333333333333333
90,vrai,stimmt,0.0
91,femme,frauen,0.3333333333333333
92,ok,ok,1.0
93,doit,muss,0.0
94,veut,will,0.0
95,ans,jahr,0.0
96,m.,herr.,0.25
97,mal,falsch,0.2
98,chez,im haus von,0.14285714285714285
99,déjà,schon,0.0
100,depuis,aus,0.3333333333333333
101,beaucoup,viel,0.0
102,bonne,gut,0.0
103,mort,tot,0.3333333333333333
104,mieux,besser,0.0
105,vas,gehen,0.0
106,mère,mutter,0.5
107,dis,sagen,0.0
108,fille,tochter,0.0
109,gens,personen,0.2
110,quel,was,0.0
111,vois,sehen,0.0
112,désolé,verzeihung,0.0
113,ca,das,0.0
114,voilà,also,0.3333333333333333
115,petit,wenig,0.0
116,maison,heimat,0.0
117,cela,das,0.0
118,autres,andere,0.0
119,toute,alle,0.0
120,soir,abend,0.0
121,passé,vorbei an,0.0
122,prendre,nehmen,0.0
123,jour,tag,0.0
124,monsieur,herr,0.25
125,savoir,wissen,0.25
126,choses,dinge,0.0
127,salut,hallo,0.3333333333333333
128,cet,dies,0.0
129,nom,name,1.0
130,argent,silber-,0.0
131,bonjour,hallo,0.0
132,nuit,nacht,0.5
133,raison,grund,0.25
134,moins,weniger,0.25
135,arrive,angekommen,0.0
136,maman,mama,0.6666666666666666
137,reste,sich ausruhen,0.125
138,moment,moment,1.0
139,voulais,gesucht,0.0
140,seul,nur,0.0
141,aider,helfen,0.0
142,air,luft,0.0
143,entre,zwischen,0.0
144,papa,vater,0.0
145,passe,passieren,0.6
146,problème,problem,0.8333333333333334
147,ah,ah,1.0
148,peur,furcht,0.2
149,regarde,sah,0.0
150,voulez,wollen,0.25
151,gars,leute,0.0
152,trouvé,gefunden,0.0
153,fils,sohn,0.0
154,attends,festhalten,0.14285714285714285
155,savez,kennt,0.0
156,jusqu',hoch,0.0
157,trouver,finden,0.0
158,trois,drei,0.3333333333333333
159,assez,genügend,0.0
160,famille,familie,0.75
161,dû,aus,0.0
162,eh,hey,0.5
163,toutes,alle,0.0
164,plaît,bitte,0.25
165,pourrait,könnte,0.2
166,travail,arbeit,0.25
167,pris,vergriffen,0.14285714285714285
168,pu,könnte,0.0
169,tête,kopf,0.0
170,quelle,was,0.0
171,sait,weiß,0.0
172,appelle,anruf,0.0
173,quelques,etwas,0.25
174,faites,erledigt,0.0
175,partir,verlassen,0.16666666666666666
176,vite,schnell,0.0
177,arrête,gestoppt,0.16666666666666666
178,seule,nur,0.0
179,voiture,wagen,0.0
180,enfants,kinder,0.2
181,tuer,töten,0.25
182,merde,scheisse,0.0
183,hé,hey,0.5
184,pendant,während,0.16666666666666666
185,idée,idee,0.5
186,chance,chance,1.0
187,parle,sprechen,0.3333333333333333
188,part,gehen,0.0
189,elles,sie,0.3333333333333333
190,jours,tage,0.0
191,grand,groß,0.5
192,aujourd'hui,heute,0.0
193,venir,kommen sie,0.16666666666666666
194,ami,freund,0.0
195,demain,morgen,0.25
196,hein,äh,0.0
197,tard,spät,0.0
198,puis,dann,0.0
199,truc,ding,0.0
200,passer,passieren,0.8
201,petite,klein,0.0
202,tant,so sehr,0.0
203,connais,kennt,0.5
204,combien,wie viele,0.0
205,mec,alter,0.0
206,sens,bedeutung,0.2
207,pouvez,kann,0.0
208,porte,tor,0.3333333333333333
209,sortir,hinausgehen,0.16666666666666666
210,super,groß,0.0
211,heure,stunde,0.0
212,contre,gegen,0.0
213,coup,schneiden,0.16666666666666666
214,comprends,verstehe,0.14285714285714285
215,entendu,verstanden,0.42857142857142855
216,vient,kommen sie,0.16666666666666666
217,allons,lass uns gehen,0.3
218,ensemble,zusammen,0.4
219,nouveau,neu,0.5
220,amour,liebe,0.0
221,importe,importiert,0.6666666666666666
222,sang,blut,0.0
223,désolée,verzeihung,0.0
224,cas,fall,0.0
225,sous,unter,0.0
226,rester,bleibe,0.0
227,amis,freunde,0.0
228,prends,nehmen,0.0
229,fini,fertig,0.25
230,hommes,männer,0.0
231,tué,töten,0.25
232,question,frage,0.0
233,partie,teil,0.0
234,histoire,geschichte,0.14285714285714285
235,devrais,sollte,0.0
236,aide,hilfe,0.0
237,dernière,letzte,0.0
238,demande,anfrage,0.0
239,chercher,suchen,0.3333333333333333
240,pensais,gedanke,0.0
241,genre,geschlecht,0.125
242,seulement,nur,0.2
243,police,polizei,0.6666666666666666
244,car,weil,0.0
245,mois,monat,0.3333333333333333
246,frère,bruder,0.5
247,laisser,lassen,0.75
248,aucun,keiner,0.3333333333333333
249,mettre,stellen,0.2
250,laisse,allein lassen,0.375
251,chaque,jeder,0.0
252,ville,"stadt, dorf",0.0
253,arrivé,kommen sie,0.0
254,devrait,sollte,0.25
255,parlé,sprechen,0.3333333333333333
256,avez-vous,hast du,0.0
257,vont,gehen,0.0
258,longtemps,lange zeit,0.42857142857142855
259,aucune,keiner,0.3333333333333333
260,heures,std.,0.0
261,bébé,baby,0.5
262,place,quadrat,0.0
263,revoir,wiedersehen,0.16666666666666666
264,putain,hure,0.0
265,compris,verstanden,0.0
266,ni,weder,0.0
267,savais,wusste,0.25
268,leurs,ihr,0.3333333333333333
269,attention,warnung,0.2
270,donner,geben,0.25
271,affaire,affäre,0.75
272,endroit,platz,0.0
273,pourrais,könnte,0.0
274,corps,karosserie,0.4
275,façon,weg,0.0
276,donné,gegeben,0.0
277,est-il,ist es,0.5
278,voici,hier ist,0.0
279,train,zug,0.0
280,dont,deren,0.3333333333333333
281,écoute,hören,0.0
282,yeux,augen,0.0
283,trouve,finden,0.0
284,pouvoir,energie,0.0
285,type,nett,0.0
286,perdu,verirrt,0.2
287,premier,erste,0.25
288,première,erste,0.2
289,côté,seite,0.25
290,point,punkt,0.75
291,tellement,so sehr,0.0
292,main,hand,0.3333333333333333
293,tiens,hier,0.0
294,enfant,kind,0.25
295,vieux,alt,0.0
296,matin,morgen,0.5
297,venu,kam,0.0
298,pardon,verzeihung,0.3333333333333333
299,là-bas,das tief,0.0
300,suite,nach,0.0
301,vers,gegenüber,0.0
302,minutes,protokoll,0.16666666666666666
303,demandé,fordern,0.0
304,venez,kommen sie,0.16666666666666666
305,devant,vor,0.25
306,dr,dr,1.0
307,enfin,endlich,0.2
308,arrêter,halt,0.2
309,cause,weil,0.0
310,nouvelle,nachrichten,0.125
311,attendez,warten,0.2
312,chambre,schlafzimmer,0.4444444444444444
313,droit,rechts,0.2
314,parti,links,0.0
315,mis,stellen,0.0
316,eau,wasser,0.0
317,compte,konto,0.25
318,dirait,würde sagen,0.125
319,terre,erde,0.3333333333333333
320,belle,schön,0.0
321,espère,hoffnung,0.0
322,aimerais,würde gerne,0.125
323,loin,weit,0.0
324,as-tu,haben sie,0.0
325,mari,ehemann,0.25
326,donne,gegeben,0.25
327,fin,ende,0.0
328,croire,glauben,0.0
329,mme,frau,0.0
330,gros,groß,0.6666666666666666
331,boulot,soloauftritt,0.2857142857142857
332,plutôt,stattdessen,0.125
333,chérie,liebling,0.0
334,prêt,bereit,0.5
335,filles,mädchen,0.0
336,bureau,schreibtisch,0.1111111111111111
337,mourir,sterben,0.2
338,hier,gestern,0.2
339,possible,möglich,0.0
340,jouer,spielen,0.0
341,demander,fragen,0.0
342,celui,der eine,0.0
343,voulait,wollte,0.5
344,beau,schön,0.0
345,jeune,jung,0.6666666666666666
346,euh,äh,0.5
347,dehors,aus,0.25
348,docteur,arzt,0.25
349,a-t-il,hat er,0.25
350,confiance,vertrauen,0.0
351,appeler,anrufen,0.0
352,années,jahre,0.0
353,vérité,wahrheit,0.2
354,école,schule,0.5
355,chef,chef,1.0
356,femmes,frauen,0.25
357,propos,um,0.0
358,semaine,woche,0.0
359,vivre,live,0.3333333333333333
360,regardez,sehen,0.0
361,feu,feuer,0.5
362,journée,tageszeit,0.0
363,madame,gnädige frau,0.125
364,hey,hey,1.0
365,téléphone,telefon,0.42857142857142855
366,près,nah dran,0.0
367,affaires,geschäft,0.0
368,meilleur,besser,0.25
369,devez,muss,0.0
370,dessus,oben,0.0
371,mains,hände,0.25
372,penses,denken,0.25
373,prie,beten,0.0
374,équipe,besatzung,0.0
375,vas-y,fortfahren,0.0
376,grande,groß,0.5
377,manger,essen,0.0
378,arriver,ankommen,0.0
379,dur,schwer,0.2
380,guerre,krieg,0.3333333333333333
381,appelé,genannt,0.0
382,marche,gehen,0.0
383,sécurité,sicherheit,0.3333333333333333
384,garçon,junge,0.0
385,essaie,versuchen,0.16666666666666666
386,important,wichtig,0.16666666666666666
387,dites,sagen,0.0
388,exactement,exakt,0.3333333333333333
389,font,machen,0.0
390,fort,stark,0.25
391,presque,fast,0.25
392,plein,voll,0.3333333333333333
393,derrière,hinter,0.2
394,ben,gut,0.0
395,mariage,hochzeit,0.0
396,parents,eltern,0.2
397,capitaine,kapitän,0.6
398,dernier,letzte,0.0
399,fou,wütend,0.0
400,ceux,diese,0.0
401,tomber,fallen,0.0
402,attendre,erwarten von,0.25
403,vue,gesehen,0.0
404,pensé,denken,0.25
405,souviens,denken sie daran,0.2
406,envie,drang,0.25
407,fête,party,0.25
408,jeu,spiel,0.0
409,génial,großartig,0.16666666666666666
410,pays,land,0.0
411,garde,behalten,0.0
412,cours,klassen,0.2
413,bientôt,demnächst,0.25
414,ii,ii,
415,numéro,nummer,0.75
416,personnes,personen,0.8333333333333334
417,cinq,fünf,0.25
418,parfait,perfekt,0.8
419,excusez-moi,verzeihung,0.0
420,laissé,allein lassen,0.375
421,ainsi,daher,0.0
422,retour,rückkehr,0.2857142857142857
423,semble,scheint,0.2
424,autant,so viel,0.0
425,peine,traurigkeit,0.0
426,minute,minute,1.0
427,essayé,versucht,0.16666666666666666
428,plan,planen,0.75
429,instant,moment,0.4
430,prison,gefängnis,0.14285714285714285
431,penser,denken,0.25
432,essayer,versuchen,0.16666666666666666
433,prend,nehmen,0.0
434,arme,bewaffnet,0.0
435,mauvais,falsch,0.2
436,mot,wort,0.3333333333333333
437,travailler,arbeit,0.16666666666666666
438,quatre,vier,0.3333333333333333
439,rentrer,zurückgeben,0.125
440,regarder,zu betrachten,0.1111111111111111
441,choix,auswahl,0.25
442,êtes-vous,bist du,0.16666666666666666
443,parfois,manchmal,0.0
444,film,film,1.0
445,abord,am bord,0.6
446,voyez,sehen,0.0
447,faute,fehler,0.25
448,facile,einfach,0.5
449,croyais,geglaubt,0.0
450,bas,nieder,0.0
451,changer,wechseln,0.3333333333333333
452,entendre,hören,0.0
453,plaisir,vergnügen,0.0
454,heureux,glücklich,0.0
455,entrer,reingehen,0.2
456,voudrais,möchte,0.0
457,es-tu,bist du,0.2
458,propre,besitzen,0.0
459,tour,runden,0.0
460,fera,wird besorgt,0.1111111111111111
461,ensuite,danach,0.25
462,garder,behalten,0.0
463,agent,agent,1.0
464,allait,wollte,0.75
465,lit,bett,0.3333333333333333
466,travaille,arbeit,0.2
467,adore,verehren,0.2
468,amie,freund,0.0
469,rendre,zurückgeben,0.125
470,allons-y,lass uns gehen,0.3
471,route,straße,0.25
472,lieu,veranstaltungsort,0.08333333333333333
473,année,jahr,0.0
474,voit,sieht,0.3333333333333333
475,commence,start,0.0
476,service,service,1.0
477,devoir,müssen,0.0
478,attend,wartet,0.0
479,drôle,komisch,0.0
480,difficile,schwer,0.0
481,sûre,sicher,0.5
482,pire,schlechter,0.125
483,pos,pos,1.0
484,peuvent,kann,0.25
485,sujet,thema,0.0
486,état,zustand,0.2
487,ceci,dies,0.0
488,impossible,unmöglich,0.14285714285714285
489,sorte,nett,0.3333333333333333
490,perdre,verlieren,0.4
491,dollars,dollar,0.8
492,voulu,gewünscht,0.0
493,morte,tot,0.3333333333333333
494,ira,werde gehen,0.14285714285714285
495,faisait,hat gemacht,0.125
496,bizarre,seltsam,0.0
497,oublié,vergessen,0.0
498,arrêtez,pause,0.0
499,ferai,wird besorgt,0.1111111111111111
500,tôt,frühzeitig,0.14285714285714285
501,inquiète,sorge,0.0
502,payer,zahlen,0.0
503,coeur,herz,0.3333333333333333
504,dès,des,0.6666666666666666
505,pouvais,könnte,0.0
506,reviens,komm zurück,0.1111111111111111
507,chien,hund,0.3333333333333333
508,suffit,genügend,0.0
509,prenez,nehmen,0.0
510,pensez,denken,0.25
511,café,kaffee,0.3333333333333333
512,calme,ruhe,0.0
513,cherche,suchen,0.2
514,montrer,zeigen,0.0
515,parles,sprechen,0.3333333333333333
516,photo,foto,0.3333333333333333
517,ferme,abgeschlossen,0.0
518,problèmes,probleme,0.7142857142857143
519,the,tee,0.5
520,cœur,herz,0.0
521,sûrement,sicherlich,0.2857142857142857
522,verre,glas,0.0
523,aimes,liebe,0.0
524,devons,"müssen, zu ... haben",0.0625
525,veulent,wollen,0.25
526,doute,zweifel,0.0
527,musique,musik,0.6666666666666666
528,courant,laufend,0.25
529,sauf,außer,0.0
530,moyen,mittel,0.25
531,nouvelles,neu,0.2
532,puis-je,kann ich,0.0
533,avis,notiz,0.0
534,sauver,sparen,0.5
535,hôpital,krankenhaus,0.0
536,questions,fragen,0.2
537,meurtre,mord,0.5
538,sérieux,ernst,0.0
539,seconde,zweite,0.0
540,trucs,sachen,0.0
541,comprendre,verstehen,0.0
542,allais,ging,0.0
543,esprit,geist,0.25
544,cool,kalt,0.3333333333333333
545,mlle,ms,0.3333333333333333
546,marché,markt,0.4
547,fous,verrückt,0.0
548,laisse-moi,verlasse mich,0.4444444444444444
549,haut,hoch,0.3333333333333333
550,salle,saal,0.6666666666666666
551,malade,krank,0.0
552,changé,austausch,0.0
553,gentil,freundlich,0.2857142857142857
554,allé,gehen,0.0
555,six,sechs,0.25
556,simple,einfach,0.0
557,john,john,1.0
558,semaines,wochen,0.0
559,celle,das,0.0
560,jack,jack,1.0
561,appris,gelernt,0.2
562,seigneur,herr,0.25
563,dîner,zu abend essen,0.1111111111111111
564,sors,geh nach draussen,0.16666666666666666
565,commencé,gestartet,0.0
566,suppose,vermutet,0.0
567,chemin,weg,0.0
568,partout,"überall, überallhin, allerorts",0.09090909090909091
569,bras,waffen,0.0
570,cul,arsch,0.25
571,prochaine,nächste,0.3333333333333333
572,visage,gesicht,0.2
573,h,h,1.0
574,meilleure,besser,0.25
575,face,gesicht,0.2
576,soirée,abend,0.0
577,roi,könig,0.0
578,surtout,über alles,0.14285714285714285
579,retard,verzögerung,0.25
580,écrit,schreiben,0.3333333333333333
581,livre,buchen,0.0
582,rapport,bericht,0.2
583,chéri,liebling,0.0
584,message,botschaft,0.14285714285714285
585,voulez-vous,möchten sie,0.125
586,vaut,wert,0.3333333333333333
587,ferais,würdest du,0.25
588,morts,tot,0.25
589,boire,trinken,0.2
590,président,präsident,0.8571428571428571
591,plait,bitte,0.3333333333333333
592,bois,holz,0.0
593,sinon,andernfalls,0.125
594,erreur,fehler,0.25
595,new,neu,0.5
596,ecoute,hören,0.0
597,mr,herr,0.3333333333333333
598,rentre,nach hause gehen,0.0
599,rendez-vous,geplanter termin,0.09090909090909091
600,devait,musste,0.25
601,revenir,komm zurück,0.1111111111111111
602,joue,abspielen,0.0
603,pauvre,arm,0.0
604,devenir,werden,0.0
605,rencontrer,begegnen,0.14285714285714285
606,sort,fluch,0.0
607,commencer,start,0.0
608,pouvait,könnte,0.2
609,occupe,beschäftigt zu halten,0.0625
610,entends,hören,0.0
611,souvent,häufig,0.0
612,pièce,zimmer,0.0
613,reçu,erhalten,0.2
614,grave,schwer,0.0
615,mets,stellen,0.2
616,intérieur,innere,0.4
617,honneur,ehren,0.5
618,dormir,schlafen,0.0
619,an,jahr,0.0
620,faux,gefälscht,0.125
621,messieurs,herren,0.2
622,groupe,band,0.0
623,rêve,traum,0.0
624,carte,karte,0.6666666666666666
625,appel,anruf,0.0
626,manque,mangel,0.5
627,envoyé,gesendet,0.0
628,début,anfang,0.0
629,sam,saß,0.5
630,puisse,kann,0.0
631,écoutez,hör mal zu,0.125
632,laissez-moi,lassen sie mich,0.4
633,bonsoir,guten abend,0.14285714285714285
634,content,glücklich,0.125
635,secret,geheimnis,0.0
636,venue,kommen sie,0.16666666666666666
637,cher,liebling,0.0
638,dis-moi,sag mir,0.2
639,effet,wirkung,0.0
640,voyons,mal schauen,0.14285714285714285
641,sac,tasche,0.5
642,continue,mach weiter,0.2857142857142857
643,acheter,kaufen,0.0
644,voix,stimme,0.0
645,certains,etwas,0.4
646,occuper,besetzen,0.0
647,noël,weihnachten,0.14285714285714285
648,gagner,gewinnen,0.4
649,grâce,anmut,0.0
650,maître,meister,0.75
651,prix,preis,0.6666666666666666
652,mauvaise,schlecht,0.0
653,général,allgemeines,0.0
654,âge,das alter,0.0
655,long,lang,1.0
656,rue,straße,0.25
657,tirer,ziehen,0.0
658,apprendre,lernen,0.3333333333333333
659,cheveux,haar,0.25
660,noir,schwarz,0.16666666666666666
661,promis,versprochen,0.25
662,patron,chef,0.0
663,avocat,anwalt,0.25
664,force,stärke,0.2
665,accident,unfall,0.0
666,dix,zehn,0.0
667,probablement,höchstwahrscheinlich,0.0625
668,laissez,lassen,0.75
669,bout,ende,0.0
670,ordre,bestellen,0.0
671,armes,waffen,0.0
672,cru,geglaubt,0.0
673,déteste,gehasst,0.4
674,retrouver,zurückzugewinnen,0.09090909090909091
675,millions,million,0.8
676,incroyable,nicht zu fassen,0.18181818181818182
677,voyage,reisen,0.0
678,ailleurs,irgendwo anders,0.2
679,oublie,vergessen,0.0
680,ressemble,sieht aus wie,0.0
681,bienvenue,willkommen,0.14285714285714285
682,disparu,verblasst,0.14285714285714285
683,protéger,beschützen,0.0
684,utiliser,nutzen,0.0
685,situation,lage,0.0
686,petits,klein,0.0
687,veux-tu,willst du,0.14285714285714285
688,connaissez,kennt,0.3333333333333333
689,simplement,nur,0.14285714285714285
690,scène,bühne,0.25
691,sœur,schwester,0.2857142857142857
692,prête,bereit,0.5
693,oncle,onkel,0.6666666666666666
694,devriez,sollte,0.0
695,liste,auflistung,0.5
696,soeur,schwester,0.2857142857142857
697,complètement,vollständig,0.2222222222222222
698,dos,der rücken,0.125
699,armée,heer,0.0
700,paix,frieden,0.0
701,battre,schlagen,0.0
702,york,york,1.0
703,crime,verbrechen,0.14285714285714285
704,anniversaire,jubiläum,0.0
705,finir,fertig,0.25
706,réussi,erfolgreich,0.14285714285714285
707,agit,handelt,0.2
708,i,ich,0.0
709,retourner,kippen,0.2
710,sale,schmutzig,0.14285714285714285
711,libre,frei,0.3333333333333333
712,bouge,bewegung,0.4
713,contrôle,kontrolle,0.6666666666666666
714,rappelle,denken sie daran,0.0
715,arrêté,gestoppt,0.0
716,hôtel,hotel,0.75
717,idiot,dummkopf,0.16666666666666666
718,okay,okay,1.0
719,rencontré,treffen,0.14285714285714285
720,restez,bleibe,0.0
721,absolument,unbedingt,0.16666666666666666
722,mots,wörter,0.2
723,victime,opfer,0.0
724,impression,eindruck,0.16666666666666666
725,décidé,beschlossen,0.125
726,sympa,hübsch,0.0
727,pars,verlassen,0.3333333333333333
728,fasse,tun,0.0
729,avion,flugzeug,0.0
730,bordel,chaos,0.0
731,habitude,gewohnheit,0.16666666666666666
732,table,tisch,0.25
733,rouge,rot,0.5
734,système,system,0.8333333333333334
735,photos,bilder,0.0
736,médecin,arzt,0.0
737,bateau,boot,1.0
738,stupide,dumm,0.0
739,faim,hunger,0.0
740,autour,um,0.0
741,fond,unterseite,0.0
742,surprise,überraschung,0.2222222222222222
743,croyez,glauben,0.0
744,devais,musste,0.25
745,ligne,linie,0.6666666666666666
746,porter,tragen,0.25
747,imagine,konzipiert,0.0
748,colère,wut,0.0
749,clair,hell,0.3333333333333333
750,savait,wusste,0.5
751,balle,ball,1.0
752,gagné,gewonnen,0.4
753,or,gold,0.0
754,hors,außer,0.3333333333333333
755,magnifique,herrlich,0.0
756,risque,risiko,0.6666666666666666
757,terminé,beendet,0.0
758,su,bekannt,0.0
759,heureuse,glücklich,0.0
760,mission,abtretung,0.16666666666666666
761,jolie,schöne,0.0
762,parlez,sprechen,0.3333333333333333
763,présent,hier,0.16666666666666666
764,sorti,rausgekommen,0.14285714285714285
765,cadeau,gegenwärtig,0.0
766,expliquer,erklären,0.3333333333333333
767,volé,fliegen,0.25
768,plusieurs,verschiedene,0.14285714285714285
769,gauche,links,0.0
770,ferait,würdest du,0.25
771,neuf,neu,0.5
772,passe-t-il,passiert es,0.5714285714285714
773,ouvre,offen,0.0
774,disais,sagte,0.0
775,dedans,innerhalb,0.0
776,disent,sagen,0.25
777,pouvons,kann,0.25
778,allez-y,tue es,0.0
779,suivre,folgen,0.0
780,pourra,wird in der lage sein,0.14285714285714285
781,inspecteur,inspektor,0.8333333333333334
782,réponse,antworten,0.0
783,lumière,hell,0.0
784,pieds,fuß,0.0
785,pote,kumpel,0.25
786,montre,show,0.0
787,pied,fuß,0.0
788,marcher,spaziergang,0.14285714285714285
789,charlie,charlie,1.0
790,envoyer,senden,0.0
791,vraie,stimmt,0.0
792,espèce,spezies,0.5
793,doivent,muss,0.0
794,allô,hallo,0.3333333333333333
795,pareil,das gleiche,0.14285714285714285
796,vas-tu,gehst du,0.16666666666666666
797,soleil,sonne,0.3333333333333333
798,camp,lager,0.0
799,fallait,musste,0.25
800,coin,ecke,0.5
801,ignore,ignorieren,0.6
802,moitié,halb,0.0
803,you,sie,0.0
804,selon,gemäß,0.0
805,tenir,halt,0.0
806,grosse,groß,0.5
807,vouloir,möchte,0.0
808,michael,michael,1.0
809,vieille,alt,0.3333333333333333
810,devenu,wurde,0.0
811,continuer,fortsetzen,0.14285714285714285
812,rend,macht,0.0
813,sortie,ausfahrt,0.6
814,recherche,forschung,0.2857142857142857
815,arrière,der rücken,0.25
816,lire,lesen,0.3333333333333333
817,doucement,sanft,0.2
818,joli,attraktiv,0.0
819,avance,vorauszahlung,0.25
820,exact,genau,0.0
821,disait,sagte,0.3333333333333333
822,club,verein,0.0
823,arrivée,ankunft,0.0
824,tue,töten,0.25
825,laquelle,die,0.0
826,poser,posieren,0.75
827,chaud,heiß,0.3333333333333333
828,aimé,wie,0.0
829,david,david,1.0
830,fais-tu,machst du,0.14285714285714285
831,tom,tom,1.0
832,professeur,lehrer,0.16666666666666666
833,quitter,verlassen,0.0
834,loi,gesetz,0.0
835,tueur,mörder,0.2
836,donne-moi,gib mir,0.0
837,flics,polizisten,0.3333333333333333
838,connaître,wissen,0.0
839,lettre,buchstabe,0.16666666666666666
840,forme,bilden,0.0
841,connaît,weiß,0.0
842,conseil,rat,0.0
843,bar,bar,1.0
844,normal,normal,1.0
845,danger,achtung,0.2
846,dangereux,gefährlich,0.125
847,folle,verrückte frau,0.0
848,jure,geschworen,0.14285714285714285
849,tiré,gezeichnet,0.0
850,essaye,versuchen,0.16666666666666666
851,bonnes,gut,0.0
852,offre,angebot,0.0
853,but,ziel,0.0
854,froid,kalt,0.0
855,allez-vous,gehst du,0.0
856,prêts,bereit,0.4
857,tranquille,ruhe,0.16666666666666666
858,gamin,kind,0.0
859,joe,joe,1.0
860,classe,klasse,0.75
861,joué,abspielen,0.0
862,poste,arbeit,0.3333333333333333
863,con,con,1.0
864,mike,mike,1.0
865,attaque,beleidigend,0.0
866,boîte,kasten,0.25
867,enquête,ermittlung,0.14285714285714285
868,visite,besuch,0.25
869,juge,richter,0.0
870,moi-même,mich selbst,0.1111111111111111
871,bord,kante,0.0
872,debout,aufrecht,0.2
873,envoie,senden,0.25
874,preuve,beweis,0.0
875,oublier,vergessen,0.0
876,bons,gut,0.0
877,vivant,leben,0.25
878,ciel,himmel,0.25
879,lu,lesen,0.3333333333333333
880,touche,berührt,0.16666666666666666
881,aimer,mögen,0.25
882,faites-vous,machst du,0.14285714285714285
883,télé,fernseher,0.0
884,met,stellen,0.2
885,écouter,zuhören,0.2
886,ll,er,0.0
887,pourtant,noch,0.0
888,change,austausch,0.0
889,triste,traurig,0.5
890,droite,rechts,0.2
891,gueule,mund,0.0
892,tombe,stürze,0.2
893,sentir,gefühl,0.0
894,ouvrir,offen,0.0
895,travers,durch,0.2
896,santé,die gesundheit,0.25
897,dossier,fall,0.0
898,ie,dh,0.0
899,jeunes,jugend,0.5
900,frank,frank,1.0
901,coucher,schlafen,0.3333333333333333
902,cuisine,küche,0.0
903,monte,montiert,0.6
904,pouvez-vous,können sie,0.14285714285714285
905,signifie,meint,0.25
906,entrez,komm herein,0.14285714285714285
907,relation,beziehung,0.2
908,centre,center,1.0
909,dame,dame,1.0
910,chacun,jeder,0.0
911,chanson,lied,0.0
912,foutre,scheiße,0.0
913,voler,stehlen,0.2
914,blanc,weiß,0.0
915,george,george,1.0
916,certain,sicher,0.0
917,don,anziehen,0.25
918,âme,seele,0.0
919,manière,weg,0.0
920,flic,polizist,0.2
921,décision,entscheidung,0.25
922,mange,essen,0.0
923,vit,lebt,0.3333333333333333
924,compagnie,gesellschaft,0.0
925,déjeuner,mittagessen,0.0
926,différent,anders,0.14285714285714285
927,tire,gezeichnet,0.0
928,ordres,aufträge,0.2
929,clé,schlüssel,0.25
930,vaisseau,schiff,0.0
931,secondes,sekunden,0.6
932,enfer,hölle,0.0
933,sortez,geh raus,0.0
934,vendre,verkauf,0.25
935,faisais,hat gemacht,0.0
936,responsable,verantwortlich,0.2
937,mecs,leute,0.0
938,nulle,nichts,0.2
939,signe,schild,0.2
940,lieutenant,leutnant,1.0
941,aille,gehen,0.0
942,acheté,gekauft,0.0
943,étrange,seltsam,0.0
944,diable,teufel,0.3333333333333333
945,viennent,kommen,0.2
946,monter,aufsteigen,0.2
947,là-dedans,da drin,0.2857142857142857
948,capable,fähig,0.0
949,emmener,nehmen,0.25
950,écrire,schreiben,0.3333333333333333
951,honte,schande,0.4
952,bouche,stickig,0.2
953,préfère,favorit,0.16666666666666666
954,coupable,schuldig,0.16666666666666666
955,rire,lachen,0.0
956,payé,bezahlt,0.0
957,soin,pflege,0.0
958,milieu,umgebung,0.2
959,appartement,wohnung,0.14285714285714285
960,prochain,nächste,0.3333333333333333
961,cerveau,gehirn,0.25
962,paris,paris,1.0
963,blague,scherzen,0.0
964,choisi,ausgewählt,0.14285714285714285
965,époque,epoche,0.0
966,voie,weg,0.0
967,réunion,treffen,0.4
968,connu,bekannt,0.4
969,allée,gang,0.0
970,intérêt,interesse,0.5
971,cheval,pferd,0.0
972,combat,kampf,0.25
973,silence,schweigen,0.16666666666666666
974,coups,schläge,0.16666666666666666
975,existe,existieren,0.6
976,ia,ai,
977,retourne,rückkehr,0.14285714285714285
978,tel,telefon,0.5
979,trou,loch,0.0
980,public,publikum,0.6
981,peter,furzen,0.0
982,oeil,auge,0.0
983,pleine,voll,0.3333333333333333
984,cacher,verstecken,0.14285714285714285
985,amoureux,liebhaber,0.0
986,drogue,dope,0.3333333333333333
987,commandant,kommandierender offizier,0.35714285714285715
988,garçons,jungs,0.2
989,faisons,tun,0.25
990,paul,paul,1.0
991,tient,hält,0.25
992,est-elle,ist sie,0.4
993,prise,steckdose,0.16666666666666666
994,gouvernement,regierung,0.2857142857142857
995,dirai,werde sagen,0.14285714285714285
996,client,kunde,0.25
997,adresse,die anschrift,0.2222222222222222
998,journal,protokoll,0.3333333333333333
999,contact,kontakt,0.6
1000,dingue,verrückt,0.0
1001,sent,fühlt sich,0.1111111111111111
1002,récupérer,abrufen,0.0
1003,base,base,1.0
1004,preuves,beweis,0.25
1005,présente,gegenwärtig,0.125
1006,peau,haut,0.0
1007,servir,dienen,0.0
1008,peuple,personen,0.2
1009,exemple,beispiel,0.5
1010,fiche,bilden,0.0
1011,max,max,1.0
1012,promets,versprechen,0.25
1013,lequel,die,0.0
1014,blessé,schmerz,0.0
1015,société,gesellschaft,0.2222222222222222
1016,tort,falsch,0.0
1017,sept,sieben,0.3333333333333333
1018,pourriez,könnte,0.0
1019,savent,kennt,0.5
1020,ouvert,offen,0.0
1021,héros,held,0.25
1022,menti,gelogen,0.0
1023,mer,meer,1.0
1024,contente,befriedigt,0.16666666666666666
1025,quitté,quitt,0.75
1026,jeter,werfen,0.0
1027,sauvé,sicher,0.25
1028,bière,bier,0.6666666666666666
1029,assis,saß,0.3333333333333333
1030,robe,kleid,0.0
1031,ecoutez,hör mal zu,0.125
1032,devient,wird,0.0
1033,félicitations,herzliche glückwünsche,0.2222222222222222
1034,opération,betrieb,0.2
1035,prévu,beabsichtigt,0.0
1036,tenez,halt,0.0
1037,livres,bücher,0.0
1038,répondre,antworten,0.0
1039,seuls,allein,0.3333333333333333
1040,pute,hure,0.0
1041,entrée,halle,0.0
1042,vol,flug,0.3333333333333333
1043,horrible,entsetzlich,0.125
1044,vin,wein,0.5
1045,dommage,schande,0.0
1046,dites-moi,sag mir,0.0
1047,colonel,oberst,0.0
1048,ramener,zurückbringen,0.2
1049,règles,regeln,0.6
1050,nez,nase,0.5
1051,justice,gerechtigkeit,0.125
1052,fbi,fbi,1.0
1053,découvert,entdeckt,0.16666666666666666
1054,départ,abfahrt,0.4
1055,bruit,lärm,0.25
1056,secours,hilfe,0.0
1057,vérifier,überprüfen,0.25
1058,enceinte,schwanger,0.2857142857142857
1059,mise,wette,0.0
1060,témoin,zeuge,0.0
1061,dirais,würde sagen,0.25
1062,directeur,direktor,0.8
1063,intéressant,interessant,0.875
1064,excuse,entschuldigung,0.1
1065,environ,um,0.0
1066,inutile,nicht zu gebrauchen,0.15384615384615385
1067,terrible,abscheulich,0.14285714285714285
1068,danse,tanzen,0.25
1069,position,position,1.0
1070,humain,mensch,0.2
1071,apparemment,offenbar,0.0
1072,avenir,kommen,0.0
1073,rêves,träume,0.0
1074,œil,auge,0.0
1075,bête,dumm,0.0
1076,sérieusement,ernsthaft,0.14285714285714285
1077,bravo,gut erledigt,0.125
1078,approche,sich nähern,0.1111111111111111
1079,nourriture,lebensmittel,0.25
1080,fric,geld,0.0
1081,plupart,meist,0.2
1082,lycée,weiterführende schule,0.07142857142857142
1083,tas,haufen,0.0
1084,empêcher,verhindern,0.14285714285714285
1085,longue,lang,1.0
1086,sexe,sex,1.0
1087,niveau,eben,0.0
1088,banque,bank,0.6666666666666666
1089,éviter,vermeiden,0.0
1090,lune,mond,0.3333333333333333
1091,pitié,mitleid,0.25
1092,liberté,freiheit,0.2
1093,expérience,erfahrung,0.3333333333333333
1094,procès,prozess,0.6
1095,radio,radio,1.0
1096,hum,äh,0.0
1097,verra,werden sehen,0.125
1098,thé,tee,0.3333333333333333
1099,partez,verlassen,0.16666666666666666
1100,utilisé,gebraucht,0.0
1101,mur,mauer,1.0
1102,pose,gelegt,0.0
1103,revenu,einnahmen,0.2
1104,deuxième,zweite,0.0
1105,bande,bandagiert,0.5
1106,asseyez-vous,hinsetzen,0.14285714285714285
1107,certaines,etwas,0.4
1108,ridicule,lächerlich,0.25
1109,nord,norden,0.75
1110,appelez,anruf,0.0
1111,copine,freund,0.25
1112,baiser,kuss,0.3333333333333333
1113,anglais,englisch,0.6666666666666666
1114,henry,henry,1.0
1115,toilettes,bad,0.0
1116,portes,türen,0.0
1117,faudra,wird müssen,0.1111111111111111
1118,occupé,belebt,0.0
1119,grands,groß,0.4
1120,and,und,1.0
1121,dérange,stört,0.0
1122,rôle,rolle,0.6666666666666666
1123,censé,soll,0.0
1124,savez-vous,wissen sie,0.16666666666666666
1125,james,james,1.0
1126,reine,königin,0.2
1127,croit,glaubt,0.25
1128,cour,gericht,0.2
1129,église,kirche,0.0
1130,vide,leer,0.0
1131,obtenir,erhalten,0.2
1132,conneries,quatsch,0.0
1133,ennuis,problem,0.0
1134,personnel,persönlich,0.625
1135,conduire,verhalten,0.0
1136,tombé,stürze,0.2
1137,sol,boden,0.0
1138,code,codiert,0.5
1139,huit,acht,0.6666666666666666
1140,espoir,hoffnung,0.0
1141,comprenez,verstehe,0.0
1142,spécial,besondere,0.0
1143,vidéo,video,0.6666666666666666
1144,vêtements,kleidung,0.14285714285714285
1145,défense,verteidigung,0.14285714285714285
1146,alex,alex,1.0
1147,sud,süden,0.5
1148,grand-mère,oma,0.125
1149,match,passen,0.0
1150,bombe,bombe,1.0
1151,intéresse,interessiert,0.5714285714285714
1152,zone,bereich,0.0
1153,tante,tante,1.0
1154,paraît,scheint,0.2
1155,excuser,entschuldigung,0.1
1156,magasin,laden,0.25
1157,marier,heiraten,0.25
1158,chère,liebling,0.0
1159,souvenir,erinnerung,0.3333333333333333
1160,proche,nah dran,0.0
1161,revient,komm zurück,0.1111111111111111
1162,danny,danni,0.75
1163,douleur,schmerzen,0.14285714285714285
1164,arrivera,ankommen in,0.0
1165,presse,sich beeilen,0.0
1166,merveilleux,wunderbar,0.0
1167,asseoir,mach sitz,0.14285714285714285
1168,ravi,erfreut,0.25
1169,aimais,geliebt,0.0
1170,h.,h.,1.0
1171,amérique,amerika,0.5
1172,fenêtre,fenster,0.8
1173,mien,mine,1.0
1174,terrain,boden,0.25
1175,sergent,sergeant,1.0
1176,peux-tu,können sie,0.0
1177,projet,projekt,0.8
1178,quartier,stück,0.0
1179,planète,planet,0.8
1180,certainement,bestimmt,0.42857142857142855
1181,rapide,schnell,0.0
1182,lorsque,wenn,0.0
1183,assurer,versichern,0.2857142857142857
1184,rendu,gerendert,0.5
1185,mignon,niedlich,0.0
1186,tourne,gedreht,0.2
1187,danser,tanzen,0.25
1188,bob,bob,1.0
1189,clients,kunden,0.2
1190,petites,klein,0.0
1191,aimez,liebe,0.0
1192,présenter,präsentieren,0.75
1193,importance,bedeutung,0.3333333333333333
1194,venus,venus,1.0
1195,jimmy,jimmy,1.0
1196,sache,kennt,0.0
1197,mérite,verdient,0.2
1198,machine,maschine,0.8
1199,derniers,letzte,0.0
1200,programme,programm,1.0
1201,mesdames,damen,0.4
1202,meilleurs,beste,0.0
1203,honnête,ehrlich,0.2
1204,essayez,versuchen,0.16666666666666666
1205,irai,werde gehen,0.14285714285714285
1206,connard,arschloch,0.14285714285714285
1207,occasion,gelegenheit,0.16666666666666666
1208,prouver,beweisen,0.0
1209,travaillé,arbeit,0.16666666666666666
1210,glace,eis,0.0
1211,parie,wette,0.0
1212,camion,lkw,0.0
1213,fier,stolz,0.0
1214,discuter,diskutieren,0.6666666666666666
1215,village,"stadt, dorf",0.0
1216,spectacle,schauspiel,0.3333333333333333
1217,nul,schlecht,0.14285714285714285
1218,rose,rosa,1.0
1219,touché,schlag,0.4
1220,mangé,essen,0.0
1221,vis,schrauben,0.0
1222,parole,rede,0.3333333333333333
1223,rencontre,treffen,0.16666666666666666
1224,apprécie,im wert steigen,0.1
1225,jane,jane,1.0
1226,réalité,wirklichkeit,0.25
1227,savons,seifen,0.5
1228,respect,respekt,0.8
1229,remettre,zurücklegen,0.125
1230,vacances,feiertage,0.0
1231,détruire,zerstören,0.2857142857142857
1232,choisir,wählen,0.2
1233,ha,ha,1.0
1234,découvrir,entdecken,0.0
1235,idées,ideen,0.3333333333333333
1236,officier,offizier,0.75
1237,frères,brüder,0.2
1238,sert,dient,0.3333333333333333
1239,bill,rechnung,0.0
1240,solution,lösung,0.2
1241,informations,information,0.8571428571428571
1242,attendais,wartete,0.0
1243,monstre,freak,0.0
1244,sexy,sexy,1.0
1245,ordinateur,computer,0.4
1246,retrouvé,gefunden,0.0
1247,nature,natur,1.0
1248,rappeler,abrufen,0.0
1249,énergie,energie,0.75
1250,pierre,pierre,1.0
1251,utilise,gebraucht,0.0
1252,pression,druck,0.2
1253,chaussures,schuhe,0.16666666666666666
1254,faite,erledigt,0.2
1255,histoires,geschichten,0.125
1256,sarah,sarah,1.0
1257,marié,verheiratet,0.16666666666666666
1258,espace,platz,0.0
1259,nick,nick,1.0
1260,portable,tragbar,0.4
1261,préparer,vorbereiten,0.16666666666666666
1262,nécessaire,notwendig,0.16666666666666666
1263,court,kurz,0.3333333333333333
1264,offrir,anbieten,0.0
1265,will,wille,1.0
1266,ai-je,habe ich bekommen,0.0
1267,tony,toni,0.6666666666666666
1268,envers,gegenüber,0.16666666666666666
1269,bain,bad,0.5
1270,charge,aufladen,0.0
1271,mary,maria,0.6666666666666666
1272,harry,harry,1.0
1273,jim,jim,1.0
1274,ennemi,feind,0.3333333333333333
1275,arrivent,ankommen,0.0
1276,immédiatement,sofort,0.125
1277,finalement,letzten endes,0.1111111111111111
1278,énorme,riesig,0.0
1279,grand-père,großvater,0.375
1280,test,prüfung,0.0
1281,gagne,gewonnen,0.4
1282,réfléchir,reflektieren,0.375
1283,victimes,die opfer,0.0
1284,chanter,singen,0.2
1285,futur,zukunft,0.2
1286,lâche,feige,0.0
1287,mademoiselle,fehlschlagen,0.2222222222222222
1288,copain,kumpel,0.25
1289,enlever,zu entfernen,0.25
1290,pensez-vous,denkst du,0.14285714285714285
1291,retrouve,finden,0.0
1292,épouser,heiraten,0.0
1293,fleurs,blumen,0.25
1294,salope,schlampe,0.5
1295,gosse,kind,0.0
1296,arranger,arrangieren,0.8333333333333334
1297,riche,reich,1.0
1298,faits,fakten,0.5
1299,ancien,alt,0.0
1300,stop,pause,0.0
1301,accepter,annehmen,0.0
1302,restes,überreste,0.3333333333333333
1303,nouveaux,neu,0.3333333333333333
1304,sauter,überspringen,0.2222222222222222
1305,suspect,verdächtig,0.25
1306,vies,lebt,0.0
1307,durant,während,0.3333333333333333
1308,invité,gast,0.25
1309,politique,politik,0.75
1310,dents,zähne,0.0
1311,patient,geduldig,0.0
1312,repas,mahlzeit,0.0
1313,urgence,notfall,0.0
1314,cartes,karten,0.5
1315,jambes,beine,0.25
1316,conversation,gespräch,0.14285714285714285
1317,telle,eine solche,0.16666666666666666
1318,bus,bus,1.0
1319,to,zu,0.0
1320,tourner,drehen,0.25
1321,toucher,berühren,0.3333333333333333
1322,mémoire,erinnerung,0.16666666666666666
1323,série,serie,0.6666666666666666
1324,mariée,braut,0.3333333333333333
1325,contraire,gegenteil,0.2
1326,vent,wind,0.3333333333333333
1327,taille,schneiden,0.0
1328,donnez-moi,gib mir,0.0
1329,trouves,gefunden,0.0
1330,celui-là,das hier,0.0
1331,chat,katze,0.0
1332,continuez,fortsetzen,0.2857142857142857
1333,contrat,vertrag,0.4
1334,couteau,messer,0.0
1335,double,doppelt,0.4
1336,dure,schwer,0.2
1337,carrière,werdegang,0.16666666666666666
1338,excuse-moi,verzeihung,0.0
1339,ray,strahl,0.2
1340,regardé,ansehen,0.0
1341,descendre,herunterkommen,0.1111111111111111
1342,université,universität,0.7142857142857143
1343,sentiments,gefühle,0.0
1344,papier,papier,1.0
1345,remarqué,bemerkte,0.4
1346,noms,substantive,0.14285714285714285
1347,vécu,lebte,0.0
1348,courage,mut,0.0
1349,beauté,schönheit,0.0
1350,bu,getrunken,0.0
1351,tais-toi,den mund halten,0.09090909090909091
1352,après-midi,nachmittag,0.0
1353,excellent,ausgezeichnet,0.2857142857142857
1354,assieds-toi,hinsetzen,0.0
1355,richard,richard,1.0
1356,propres,sauber,0.2
1357,parmi,unter,0.0
1358,forte,stark,0.25
1359,couple,paar,0.3333333333333333
1360,aiment,liebe,0.0
1361,permis,erlauben,0.0
1362,différence,unterschied,0.0
1363,faudrait,sollte,0.25
1364,course,rennen,0.0
1365,humains,menschen,0.3333333333333333
1366,dégage,klar,0.0
1367,mille,tausend,0.0
1368,accès,zugang,0.0
1369,cible,ziel,0.3333333333333333
1370,joyeux,froh,0.0
1371,bonheur,glück,0.0
1372,aimait,geliebt,0.25
1373,manqué,mangel,0.5
1374,action,lager,0.0
1375,steve,steve,1.0
1376,aidé,hilfe,0.0
1377,vouliez,gesucht,0.0
1378,trouvez,finden,0.0
1379,films,filme,0.75
1380,emmène,nehmen,0.25
1381,marie,verheiratet,0.16666666666666666
1382,taxi,taxi,1.0
1383,restaurant,restaurant,1.0
1384,crise,krise,0.6666666666666666
1385,piste,spur,0.0
1386,dernières,neueste,0.16666666666666666
1387,puisque,seit,0.3333333333333333
1388,blanche,weiß,0.0
1389,coupe,abgehackt,0.16666666666666666
1390,secrets,geheimnisse,0.16666666666666666
1391,prince,prinz,0.75
1392,marrant,komisch,0.0
1393,raisons,gründe dafür,0.2
1394,refuse,bestritten,0.14285714285714285
1395,apporté,gebracht,0.16666666666666666
1396,cassé,gebrochen,0.0
1397,lors,während,0.16666666666666666
1398,mettez,stellen,0.2
1399,dis-lui,sag ihm,0.0
1400,tuée,getötet,0.2
1401,maladie,krankheit,0.0
1402,mienne,mine,0.6666666666666666
1403,rentré,nach hause gehen,0.0
1404,week-end,wochenende,0.5
1405,excuses,ausreden,0.0
1406,km,meilen,0.0
1407,alcool,alkohol,0.5
1408,voudrait,möchte,0.2
1409,fil,faden,0.3333333333333333
1410,rends,zurück geben,0.1111111111111111
1411,quitte,quitt,1.0
1412,couché,lügnerisch,0.125
1413,disons,sagen wir,0.16666666666666666
1414,totalement,total,0.5
1415,claire,klar,0.6666666666666666
1416,it,es,0.0
1417,londres,london,0.6
1418,remercier,danken,0.0
1419,mêmes,gleich,0.0
1420,partis,weg,0.0
1421,pensait,gedanke,0.0
1422,île,insel,0.3333333333333333
1423,tommy,tommy,1.0
1424,remercie,danke,0.0
1425,caméra,kamera,0.5
1426,pensent,denken,0.4
1427,suis-je,bin ich,0.0
1428,pleurer,schrei,0.25
1429,régler,anpassen,0.0
1430,ouvrez,offen,0.0
1431,entier,gesamte,0.0
1432,foutu,verdammt,0.16666666666666666
1433,types,leute,0.0
1434,fermer,nah dran,0.16666666666666666
1435,animaux,tiere,0.0
1436,dise,sagen,0.0
1437,image,bild,0.0
1438,étage,bühne,0.0
1439,rejoindre,wieder beitreten,0.2222222222222222
1440,soldats,soldaten,0.8
1441,amuser,amüsieren,0.6
1442,points,punkte,0.5
1443,suivi,gefolgt,0.0
1444,oubliez,vergessen,0.0
1445,langue,sprache,0.0
1446,direction,richtung,0.5
1447,frais,kosten,0.0
1448,veuillez,bitte,0.0
1449,miss,fehlschlagen,0.1111111111111111
1450,soldat,soldat,1.0
1451,couleur,farbe,0.0
1452,bouger,bewegen,0.5
1453,frappé,getroffen,0.16666666666666666
1454,frapper,schlagen,0.0
1455,venait,kam,0.0
1456,raté,verpasst,0.16666666666666666
1457,évidemment,offensichtlich,0.1
1458,sacré,heilig,0.0
1459,clés,schlüssel,0.375
1460,mentir,lüge,0.0
1461,épouse,ehepartner,0.16666666666666666
1462,troisième,dritte,0.2
1463,johnny,johnny,1.0
1464,amy,amy,1.0
1465,jésus,jesus,0.75
1466,faible,schwach,0.0
1467,ryan,ryan,1.0
1468,afin,um zu,0.0
1469,bleu,blau,1.0
1470,failli,pleite,0.3333333333333333
1471,courir,laufen,0.0
1472,américain,amerikanisch,0.2857142857142857
1473,détails,einzelheiten,0.0
1474,pont,brücke,0.0
1475,gay,fröhlich,0.0
1476,regarde-moi,schau mich an,0.0
1477,jake,jake,1.0
1478,billy,billy,1.0
1479,attraper,fangen,0.0
1480,papiers,papiere,0.75
1481,poisson,fische,0.25
1482,lui-même,selbst,0.0
1483,wow,beeindruckend,0.0
1484,chiens,hunde,0.5
1485,date,datum,0.6666666666666666
1486,intention,absicht,0.0
1487,procureur,staatsanwalt,0.0
1488,goût,geschmack,0.14285714285714285
1489,pourras,kann,0.0
1490,shérif,sheriff,0.6
1491,sais-tu,wissen sie,0.3333333333333333
1492,arrêt,pause,0.0
1493,sourire,lächeln,0.0
1494,lait,milch,0.25
1495,chasse,jagd,0.0
1496,signal,signal,1.0
1497,parlait,gesprochen,0.2857142857142857
1498,destin,das schicksal,0.2
1499,marre,satt,0.0
1500,français,französisch,0.4444444444444444
1501,princesse,prinzessin,0.7142857142857143
1502,paie,zahlen,0.0
1503,foi,glaube,0.0
1504,chier,nimm eine müllkippe,0.0
1505,dois-je,sollte ich,0.0
1506,présence,gegenwart,0.0
1507,doigts,finger,0.0
1508,partenaire,partner,1.0
1509,quelles,was,0.25
1510,daniel,daniel,1.0
1511,préféré,vorziehen,0.14285714285714285
1512,adieu,auf wiedersehen,0.125
1513,costume,passen,0.25
1514,entreprise,gesellschaft,0.0
1515,utile,nützlich,0.2857142857142857
1516,calme-toi,sich beruhigen,0.1111111111111111
1517,lien,verknüpfung,0.1111111111111111
1518,unique,einzigartig,0.16666666666666666
1519,appartient,gehört,0.16666666666666666
1520,attendant,warten,0.16666666666666666
1521,amené,bringen,0.2
1522,moindre,kleiner,0.25
1523,quels,was,0.3333333333333333
1524,amener,bringen,0.2
1525,amène,bringen,0.2
1526,enfoiré,mutterficker,0.125
1527,recherches,forschung,0.14285714285714285
1528,discours,rede,0.2
1529,données,daten,0.4
1530,robert,robert,1.0
1531,art,kunst,0.25
1532,appelles,anruf,0.0
1533,salaud,bastard,0.4
1534,penses-tu,denkst du,0.2857142857142857
1535,magie,magie,1.0
1536,bouteille,flasche,0.0
1537,justement,exakt,0.16666666666666666
1538,raconter,erzählen von,0.2222222222222222
1539,rapidement,schnell,0.0
1540,bref,kurz,0.3333333333333333
1541,tribunal,gericht,0.2
1542,viendra,wird kommen,0.125
1543,passée,vorbei an,0.0
1544,superbe,atemberaubend,0.2857142857142857
1545,pourrai,könnte,0.0
1546,pièces,räume,0.0
1547,certaine,sicher,0.0
1548,obligé,obligatorisch,0.375
1549,formidable,enorm,0.3333333333333333
1550,pause,pause,1.0
1551,identité,identifizieren,0.42857142857142855
1552,campagne,land,0.0
1553,lee,lee,1.0
1554,couper,schneiden,0.16666666666666666
1555,mark,kennzeichen,0.0
1556,morceau,stück,0.2
1557,os,knochen,0.0
1558,lettres,briefe,0.2
1559,nombre,nummer,0.75
1560,intelligent,clever,0.14285714285714285
1561,gâteau,kuchen,0.0
1562,dépend,beruht,0.0
1563,job,arbeit,0.3333333333333333
1564,jeux,spiele,0.0
1565,compter,zählen,0.0
1566,cou,nacken,0.25
1567,of,von,0.0
1568,reprendre,wieder aufzunehmen,0.2
1569,joie,freude,0.0
1570,agents,offiziere,0.0
1571,gardes,wachen,0.0
1572,star,stern,0.75
1573,regard,blick,0.0
1574,demandez,fragen,0.0
1575,balles,bälle,0.5
1576,vendu,verkauft,0.2
1577,majesté,majestät,0.6666666666666666
1578,menace,droht,0.0
1579,malgré,trotz,0.0
1580,appareil,gerät,0.0
1581,demandais,hat gefragt,0.0
1582,là-haut,da oben,0.0
1583,privé,privatgelände,0.3333333333333333
1584,adam,adam,1.0
1585,forces,stärken,0.16666666666666666
1586,fonctionne,funktioniert,0.5714285714285714
1587,méchant,böse,0.0
1588,jambe,bein,0.0
1589,empreintes,fingerabdrücke,0.1
1590,ange,engel,0.6666666666666666
1591,agir,handeln,0.0
1592,noire,schwarz,0.16666666666666666
1593,imbécile,schwachsinnig,0.1
1594,gentille,sanft,0.2
1595,labo,labor,0.6666666666666666
1596,résultats,ergebnisse,0.2857142857142857
1597,toi-même,dich selbst,0.0
1598,cinéma,kino,0.25
1599,nouvel,neu,0.3333333333333333
1600,malheureusement,leider,0.25
1601,décider,sich entscheiden,0.18181818181818182
1602,né,geboren,0.0
1603,importante,wichtig,0.16666666666666666
1604,voulons,möchte,0.0
1605,détruit,zerstören,0.2857142857142857
1606,parfaitement,perfekt,0.5714285714285714
1607,martin,martin,1.0
1608,produit,produkt,0.8
1609,réparer,reparieren,0.6
1610,chapeau,hut,0.3333333333333333
1611,gérer,managen,0.0
1612,écoute-moi,hör mir zu,0.125
1613,adn,dna,1.0
1614,échange,austausch,0.0
1615,mince,dünn,0.25
1616,bougez,bewegung,0.4
1617,parfaite,perfekt,0.8
1618,meurt,stirbt,0.4
1619,fout,fickt,0.5
1620,vitesse,geschwindigkeit,0.0
1621,fermé,feste,0.25
1622,succès,schlag,0.4
1623,au-dessus,oben,0.0
1624,etre,sein=,0.0
1625,souvenirs,erinnerungen,0.2857142857142857
1626,comprend,verstehe,0.0
1627,odeur,geruch,0.25
1628,pain,brot,0.0
1629,falloir,brauchen,0.0
1630,aise,einfach,0.0
1631,caché,versteckt,0.14285714285714285
1632,règle,regel,0.75
1633,imaginer,vorstellen,0.0
1634,raconte,erzählen,0.16666666666666666
1635,vus,gesehen,0.25
1636,accepté,akzeptiert,0.3333333333333333
1637,trouvée,gefunden,0.0
1638,dors,schlafen,0.0
1639,celui-ci,dieses hier,0.0
1640,ministre,minister,1.0
1641,infos,die info,0.25
1642,vendredi,freitag,0.0
1643,voitures,autos,0.5
1644,lever,steh auf,0.0
1645,arbre,baum,0.3333333333333333
1646,maire,bürgermeister,0.2222222222222222
1647,faveur,favorisieren,0.5
1648,pourraient,könnte,0.4
1649,prendra,werde nehmen,0.25
1650,surpris,überrascht,0.25
1651,jeté,geworfen,0.0
1652,également,auch,0.0
1653,fac,uni,0.0
1654,apporter,bringen,0.0
1655,washington,washington,1.0
1656,champ,aufstellen,0.0
1657,peut-on,können wir,0.125
1658,comptes,konten,0.2
1659,échapper,flucht,0.16666666666666666
1660,valeur,wert,0.0
1661,in,in,1.0
1662,réel,real,0.6666666666666666
1663,couverture,startseite,0.3333333333333333
1664,million,million,1.0
1665,article,artikel,0.75
1666,doux,sanft,0.0
1667,parc,park,0.6666666666666666
1668,toit,dach,0.0
1669,unité,einheit,0.3333333333333333
1670,resté,sich ausruhen,0.125
1671,plage,strand,0.0
1672,partager,teilen,0.2
1673,malin,clever,0.25
1674,recevoir,erhalten,0.2
1675,inquiétez,sorge,0.0
1676,attendu,erwartet,0.0
1677,charles,karl,0.4
1678,coffre,truhe,0.0
1679,uh,äh,0.5
1680,eddie,eddie,1.0
1681,chris,chris,1.0
1682,celle-là,das hier,0.0
1683,ramène,bringt zurück,0.09090909090909091
1684,mode,mode,1.0
1685,folie,wahnsinn,0.0
1686,extérieur,außen,0.0
1687,van,lieferwagen,0.16666666666666666
1688,membre,mitglied,0.2
1689,prévenir,verhindern,0.2857142857142857
1690,cache,versteckt,0.14285714285714285
1691,inquiéter,sorge,0.0
1692,hasard,chance,0.0
1693,concerne,betroffen,0.16666666666666666
1694,réponds,antworten,0.0
1695,génie,genius,0.3333333333333333
1696,parlais,hat geredet,0.14285714285714285
1697,parlons,lass uns reden,0.2
1698,jardin,garten,0.5
1699,saison,jahreszeit,0.16666666666666666
1700,montré,show,0.0
1701,frappe,getroffen,0.16666666666666666
1702,enchanté,"freut mich, sie kennenzulernen",0.15
1703,gosses,kinder,0.0
1704,abandonner,aufgeben,0.16666666666666666
1705,assure,stellt sicher,0.3
1706,apporte,gebracht,0.3333333333333333
1707,prépare,bereit,0.2
1708,mètres,meter,0.6
1709,suivant,nächste,0.16666666666666666
1710,souhaite,wunsch,0.2
1711,services,dienstleistungen,0.1
1712,ouest,westen,0.5
1713,va-t',wie gehts,0.16666666666666666
1714,poids,gewicht,0.0
1715,poche,pochiert,0.6
1716,faisant,tun,0.25
1717,répondu,antwortete,0.0
1718,directement,direkt,0.42857142857142855
1719,source,quelle,0.0
1720,france,frankreich,0.5714285714285714
1721,créer,schaffen,0.16666666666666666
1722,samedi,samstag,0.4
1723,aidez-moi,hilf mir,0.16666666666666666
1724,univers,universum,0.8
1725,saura,wirst wissen,0.1111111111111111
1726,réalisé,erkannte,0.2
1727,américains,amerikanisch,0.42857142857142855
1728,perds,verlieren,0.2
1729,membres,mitglieder,0.16666666666666666
1730,viande,fleisch,0.0
1731,o',oh,0.0
1732,bobby,bobby,1.0
1733,sont-ils,sind sie,0.5
1734,crois-moi,glaub mir,0.16666666666666666
1735,amoureuse,verliebt,0.2
1736,grandes,groß,0.4
1737,changement,rückgeld,0.0
1738,compliqué,kompliziert,0.42857142857142855
1739,bal,ball,0.6666666666666666
1740,page,seite,0.0
1741,conduit,führt,0.2
1742,passage,passage,1.0
1743,piège,fangen,0.25
1744,kevin,kevin,1.0
1745,ressens,gefühl,0.0
1746,accepte,akzeptiert,0.3333333333333333
1747,grace,anmut,0.0
1748,fais-le,tu es,0.0
1749,amusant,spaß,0.25
1750,dan,dan,1.0
1751,donnez,geben,0.25
1752,traces,spuren,0.0
1753,trésor,schatz,0.0
1754,explique,erklären,0.16666666666666666
1755,fesses,gesäß,0.25
1756,perte,verlust,0.4
1757,fantôme,phantom,0.4
1758,naissance,geburt,0.0
1759,retraite,ruhestand,0.3333333333333333
1760,regardes,sehen,0.0
1761,franchement,geradeheraus,0.25
1762,côtés,seiten,0.2
1763,larry,larry,1.0
1764,étranger,ausländisch,0.125
1765,poulet,hähnchen,0.0
1766,vienne,kommen sie,0.16666666666666666
1767,débarrasser,loswerden,0.125
1768,enlève,nimmt weg,0.14285714285714285
1769,marque,markieren,0.4
1770,mens,lüge,0.0
1771,fantastique,fantastisch,0.625
1772,cent,hundert,0.4
1773,beaux,schön,0.0
1774,entendez,hören,0.0
1775,ouverte,geöffnet,0.16666666666666666
1776,bâtiment,gebäude,0.0
1777,a-t-elle,hat sie,0.2
1778,devrions,sollte,0.0
1779,embrasser,umarmung,0.3333333333333333
1780,tombée,gefallen,0.0
1781,manquer,fehlen,0.0
1782,entré,zwischen,0.0
1783,san,ohne,0.5
1784,chevaux,pferde,0.0
1785,habite,wohnen,0.25
1786,animal,tier,0.0
1787,fatigué,müdigkeit,0.16666666666666666
1788,heureusement,glücklicherweise,0.0
1789,billets,eintrittskarten,0.2
1790,convaincre,überzeugen,0.0
1791,appelait,hat gerufen,0.0
1792,rachel,rachel,1.0
1793,paradis,himmel,0.0
1794,émission,emission,0.8
1795,lance,speer,0.0
1796,nettoyer,reinigen,0.0
1797,file,warteschlange,0.1111111111111111
1798,dimanche,sonntag,0.2
1799,agréable,angenehm,0.0
1800,plans,blaupausen,0.4
1801,conscience,bewusstsein,0.14285714285714285
1802,ennemis,feinde,0.25
1803,disant,sprichwort,0.125
1804,connaissance,wissen,0.42857142857142855
1805,douce,sanft,0.0
1806,belles,schön,0.0
1807,sentiment,gefühl,0.0
1808,bataille,schlacht,0.14285714285714285
1809,perd,verlieren,0.2
1810,pourrez,kann,0.0
1811,relations,beziehungen,0.16666666666666666
1812,espérais,gehofft,0.0
1813,fais-moi,mach mich,0.14285714285714285
1814,vôtre,dein,0.0
1815,servi,serviert,0.6
1816,souci,sorge,0.3333333333333333
1817,note,hinweis,0.25
1818,doigt,finger,0.25
1819,mensonge,lügnerisch,0.25
1820,volonté,wille,0.2
1821,walter,walter,1.0
1822,victoire,sieg,0.0
1823,direct,direkte,0.75
1824,abandonné,verlassen,0.0
1825,information,information,1.0
1826,joindre,beitreten,0.0
1827,proches,verwandtschaft,0.2727272727272727
1828,brian,brian,1.0
1829,droits,rechte,0.0
1830,eric,erich,0.6666666666666666
1831,nerveux,nervös,0.6
1832,coupé,schneiden,0.16666666666666666
1833,patients,patienten,0.8
1834,invités,gäste,0.0
1835,arrivés,angekommen,0.0
1836,descends,runterkommen,0.0
1837,pleure,schrei,0.25
1838,traitement,behandlung,0.14285714285714285
1839,jerry,jerry,1.0
1840,senti,fühlte,0.2
1841,cancer,krebs,0.0
1842,répète,sag nochmal,0.0
1843,reposer,ausruhen,0.0
1844,regrette,reue,0.2
1845,aide-moi,hilf mir,0.16666666666666666
1846,flingue,pistole,0.0
1847,cousin,cousin,1.0
1848,désormais,von jetzt an,0.0
1849,vérifié,geprüft,0.3333333333333333
1850,crains,furcht,0.2
1851,douche,dusche,0.75
1852,gaz,gas,0.5
1853,interdit,verboten,0.2
1854,théorie,theorie,0.75
1855,scott,scott,1.0
1856,trace,verfolgen,0.16666666666666666
1857,contrôler,kontrolle,0.5714285714285714
1858,signer,schild,0.2
1859,no,nein,0.5
1860,demandes,anfragen,0.0
1861,internet,internet,1.0
1862,andy,andy,1.0
1863,cherchez,suchen,0.3333333333333333
1864,salon,wohnzimmer,0.14285714285714285
1865,pete,furz,0.0
1866,appels,anrufe,0.0
1867,lancer,wurf,0.0
1868,protection,schutz,0.16666666666666666
1869,pantalon,hose,0.0
1870,rappelles,erinnern,0.16666666666666666
1871,dossiers,ordner,0.2
1872,style,stil,0.75
1873,ravie,erfreut,0.25
1874,semblant,so tun als ob,0.2222222222222222
1875,yeah,ja,0.0
1876,kim,kim,1.0
1877,offert,frei,0.5
1878,vieil,alt,0.0
1879,humaine,mensch,0.2
1880,grandi,aufgewachsen,0.14285714285714285
1881,médicaments,medikamente,0.625
1882,acte,tat,0.5
1883,moyens,meint,0.5
1884,lois,rechtsvorschriften,0.07142857142857142
1885,kate,kate,1.0
1886,meurs,sterben,0.2
1887,laisserai,wird verlassen,0.3
1888,aéroport,flughafen,0.0
1889,mauvaises,schlecht,0.0
1890,détective,detektiv,0.6666666666666666
1891,autrement,sonstiges,0.0
1892,témoins,zeugen,0.2
1893,queue,schwanz,0.0
1894,coincé,gesteckt,0.16666666666666666
1895,mariés,verheiratet,0.16666666666666666
1896,sonne,ringe,0.3333333333333333
1897,innocent,unschuldig,0.2857142857142857
1898,dira,werde sagen,0.14285714285714285
1899,créé,erstellt,0.0
1900,jason,jason,1.0
1901,supporter,unterstützung,0.1
1902,milliers,tausende,0.0
1903,heu,äh,0.5
1904,infirmière,krankenschwester,0.16666666666666666
1905,métier,arbeit,0.25
1906,crétin,blödmann,0.14285714285714285
1907,retirer,löschen,0.0
1908,surveillance,überwachung,0.25
1909,chances,chancen,0.8
1910,oreilles,ohren,0.0
1911,trouvera,wird finden,0.125
1912,suicide,selbstmord,0.25
1913,militaire,militär-,0.6666666666666666
1914,atteindre,erreichen,0.0
1915,fuir,weglaufen,0.2
1916,casse,gebrochen,0.16666666666666666
1917,dormi,habe geschlafen,0.0
1918,pilote,pilot,1.0
1919,rires,lachen,0.0
1920,appelée,genannt,0.0
1921,risques,risiken,0.5
1922,leçon,lektion,0.5
1923,paquet,pack,0.3333333333333333
1924,man,mann,0.6666666666666666
1925,défendre,verteidigen,0.0
1926,immeuble,gebäude,0.0
1927,récemment,in letzter zeit,0.1
1928,chinois,chinesisch,0.5714285714285714
1929,battu,geschlagen,0.0
1930,aveugle,blind,0.0
1931,oiseau,vogel,0.0
1932,propriétaire,eigentümer,0.14285714285714285
1933,ancienne,alt,0.0
1934,veste,jacke,0.0
1935,anna,anna,1.0
1936,simon,simon,1.0
1937,saviez,hast du gewusst,0.09090909090909091
1938,amies,freunde,0.0
1939,cherché,suchen,0.3333333333333333
1940,tirez,ziehen,0.0
1941,al,dort,0.0
1942,différents,anders,0.25
1943,gardez,behalten,0.0
1944,feras,wird besorgt,0.2222222222222222
1945,lisa,lisa,1.0
1946,lis,lilie,0.5
1947,station,bahnhof,0.0
1948,mandat,mandat,1.0
1949,assassin,attentäter,0.0
1950,thomas,thomas,1.0
1951,célèbre,berühmt,0.0
1952,dort,schlafen,0.0
1953,bague,ring,0.3333333333333333
1954,dépêche-toi,beeil dich,0.25
1955,tente,versucht,0.16666666666666666
1956,devenue,werden,0.25
1957,ventre,bauch,0.0
1958,carter,kurbelgehäuse,0.125
1959,respire,atmen,0.0
1960,haute,hoch,0.3333333333333333
1961,connaissais,wusste,0.3333333333333333
1962,genoux,knie,0.3333333333333333
1963,terme,begriff,0.2
1964,vert,grün,0.25
1965,emily,emily,1.0
1966,refusé,sich weigern,0.0
1967,hâte,sich beeilen,0.14285714285714285
1968,réveiller,aufwachen,0.0
1969,commande,bestellt,0.0
1970,commun,gemeinsames,0.3333333333333333
1971,souris,maus,0.3333333333333333
1972,partons,lass uns gehen,0.2
1973,perdue,verirrt,0.2
1974,dirige,gerichtet,0.16666666666666666
1975,verras,werden sehen,0.25
1976,charmant,charmant,1.0
1977,chante,gesungen,0.2
1978,sport,sport,1.0
1979,celle-ci,dieses hier,0.0
1980,viré,gefeuert,0.25
1981,ies,ja,0.0
1982,fiston,sohn,0.5
1983,étoiles,sterne,0.25
1984,laisses,leinen,0.25
1985,parlant,apropos,0.4
1986,là-dessus,darauf,0.14285714285714285
1987,signé,schild,0.2
1988,virer,feuer,0.3333333333333333
1989,permettre,ermöglichen,0.125
1990,pouvoirs,kräfte,0.0
1991,luke,lukas,0.6666666666666666
1992,pluie,regen,0.0
1993,passez,passieren,0.6
1994,vrais,stimmt,0.0
1995,enlevé,entfernt,0.16666666666666666
1996,moments,momente,0.8
1997,blesser,schmerz,0.16666666666666666
1998,ombre,schatten,0.0
1999,rome,rom,1.0
