,french,spanish,Distances
0,c',vs',0.3333333333333333
1,a,posee,0.0
2,l',yo',0.5
3,j',i,0.0
4,ça,que,0.0
5,d',de,0.5
6,qu',que,0.5
7,n',no',1.0
8,bien,bien,1.0
9,si,si,1.0
10,non,no,0.5
11,t',tú,0.5
12,tout,todo,0.5
13,plus,más,0.3333333333333333
14,m',yo,0.0
15,fait,hacer,0.0
16,s',si,0.5
17,oui,sí,0.0
18,va,vamos,0.3333333333333333
19,faire,hacer,0.3333333333333333
20,quoi,qué,0.5
21,comme,como,0.6666666666666666
22,sais,saber,0.3333333333333333
23,être,estar,0.6666666666666666
24,veux,desear,0.0
25,ici,aquí,0.0
26,est-ce,lo es,0.0
27,dit,dijo,0.5
28,pourquoi,por qué,0.6
29,où,dónde,0.0
30,là,la,0.5
31,rien,nada,0.0
32,cette,este,0.3333333333333333
33,quand,cuando,0.6666666666666666
34,peux,puedo,0.5
35,dire,decir,0.6666666666666666
36,vais,vamos,0.6666666666666666
37,alors,entonces,0.2
38,comment,¿cómo? 'o' ¿qué?,0.15384615384615385
39,chose,cosa,0.6666666666666666
40,bon,bien,1.0
41,merci,gracias,0.5
42,juste,sólo,0.0
43,très,muy,0.0
44,jamais,nunca,0.0
45,aussi,también,0.0
46,avoir,haber,0.3333333333333333
47,vraiment,de verdad,0.16666666666666666
48,voir,ver,1.0
49,oh,vaya,0.0
50,maintenant,ahora,0.0
51,tous,todos,0.6666666666666666
52,peut,puede,0.5
53,deux,de ellos,0.2
54,allez,vamos,0.0
55,autre,otro,1.0
56,peu,poco,0.5
57,temps,tiempo,0.75
58,quelque,alguno,0.0
59,fais,hacer,0.0
60,toujours,todavía,0.25
61,encore,otra vez,0.0
62,besoin,necesitar,0.2
63,accord,ok,0.0
64,faut,debería,0.0
65,dois,debo,0.5
66,vie,vida,0.5
67,peut-être,puede ser,0.3333333333333333
68,aller,vamos,0.0
69,fois,tiempo,0.0
70,vu,visto,0.3333333333333333
71,donc,entonces,0.4
72,sans,sin que,0.5
73,monde,mundo,1.0
74,parce,por,0.6666666666666666
75,avant,antes de,0.2
76,sûr,seguro,0.6666666666666666
77,trop,demasiado,0.0
78,quelqu',alguien,0.25
79,parler,hablar,0.5
80,personne,nadie,0.2
81,père,papá,0.3333333333333333
82,crois,creer,0.6666666666666666
83,après,después,0.2
84,dieu,dios,0.5
85,ouais,sí,0.5
86,pense,pensar,0.75
87,aime,amor,0.5
88,homme,hombre,0.5
89,viens,ven,0.6666666666666666
90,vrai,real,0.0
91,femme,mujeres,0.0
92,ok,ok,1.0
93,doit,deber,0.3333333333333333
94,veut,querer,0.0
95,ans,año,0.0
96,m.,señor.,0.25
97,mal,mal,1.0
98,chez,en la casa de,0.125
99,déjà,ya,0.0
100,depuis,desde,0.3333333333333333
101,beaucoup,mucho,0.3333333333333333
102,bonne,buena,0.6666666666666666
103,mort,muerto,1.0
104,mieux,mejor,0.3333333333333333
105,vas,vamos,0.6666666666666666
106,mère,madre,0.6666666666666666
107,dis,decir,0.3333333333333333
108,fille,hija,0.0
109,gens,gente,0.6666666666666666
110,quel,qué,0.5
111,vois,ver,0.5
112,désolé,lo siento,0.2
113,ca,que,0.0
114,voilà,listo,0.0
115,petit,pequeño,0.3333333333333333
116,maison,hogar,0.0
117,cela,que,0.0
118,autres,otros,1.0
119,toute,toda,0.5
120,soir,tardecita,0.2
121,passé,pasado,0.5
122,prendre,tomar,0.2
123,jour,día,0.0
124,monsieur,señor,0.25
125,savoir,saber,0.6666666666666666
126,choses,cosas,0.75
127,salut,hola,0.3333333333333333
128,cet,este,0.5
129,nom,apellido,0.0
130,argent,dinero,0.25
131,bonjour,buenos dias,0.3333333333333333
132,nuit,noche,0.3333333333333333
133,raison,razón,0.5
134,moins,menos,1.0
135,arrive,llegado,0.0
136,maman,mamá,0.6666666666666666
137,reste,descansar,0.16666666666666666
138,moment,momento,1.0
139,voulais,querido,0.0
140,seul,sólo,0.6666666666666666
141,aider,ayudar,0.6666666666666666
142,air,aire,1.0
143,entre,entre,1.0
144,papa,padre,0.3333333333333333
145,passe,pasar,0.6666666666666666
146,problème,problema,0.8333333333333334
147,ah,ah,1.0
148,peur,miedo,0.0
149,regarde,mirado,0.5
150,voulez,desear,0.0
151,gars,tipo,0.0
152,trouvé,fundar,0.0
153,fils,hijo,0.0
154,attends,esperar,0.0
155,savez,saber,0.3333333333333333
156,jusqu',arriba,0.0
157,trouver,encontrar,0.3333333333333333
158,trois,tres,1.0
159,assez,suficiente,0.2
160,famille,familia,0.75
161,dû,de,0.5
162,eh,oye,0.0
163,toutes,todas,0.6666666666666666
164,plaît,por favor,0.16666666666666666
165,pourrait,pudo,0.25
166,travail,trabajar,0.4
167,pris,tomado,0.0
168,pu,pudo,0.5
169,tête,cabeza,0.0
170,quelle,qué,0.3333333333333333
171,sait,sabe,0.5
172,appelle,llamar,0.0
173,quelques,algunas,0.25
174,faites,hecho,0.0
175,partir,"marcharse, irse",0.2
176,vite,rápido,0.0
177,arrête,detenido,0.0
178,seule,solamente,0.4
179,voiture,carro,0.3333333333333333
180,enfants,niños,0.4
181,tuer,matar,0.6666666666666666
182,merde,mierda,1.0
183,hé,oye,0.0
184,pendant,durante,0.4
185,idée,ocurrencia,0.0
186,chance,suerte,0.0
187,parle,hablar,0.25
188,part,vamos,0.0
189,elles,ellas,1.0
190,jours,días,0.3333333333333333
191,grand,grande,1.0
192,aujourd'hui,este dia,0.0
193,venir,venir,1.0
194,ami,amigo,0.5
195,demain,mañana,0.3333333333333333
196,hein,eh,0.5
197,tard,tarde,1.0
198,puis,después,0.4
199,truc,cosa,0.0
200,passer,gastar,0.5
201,petite,pequeña,0.3333333333333333
202,tant,mucho,0.0
203,connais,saber,0.0
204,combien,cuanto,0.25
205,mec,tipo,0.0
206,sens,sentido,0.5
207,pouvez,pueden,0.3333333333333333
208,porte,portón,0.6
209,sortir,salir,0.5
210,super,excelente,0.0
211,heure,hora,1.0
212,contre,versus,0.0
213,coup,corte,0.3333333333333333
214,comprends,comprender,0.8571428571428571
215,entendu,comprendido,0.2857142857142857
216,vient,venir,0.6666666666666666
217,allons,vamos,0.25
218,ensemble,juntos,0.0
219,nouveau,nuevo,1.0
220,amour,amor,1.0
221,importe,importado,0.8
222,sang,sangre,0.75
223,désolée,perdón,0.0
224,cas,caso,1.0
225,sous,por debajo,0.0
226,rester,quédate,0.0
227,amis,amigos,0.6666666666666666
228,prends,tomar,0.0
229,fini,acabado,0.0
230,hommes,hombres,0.6
231,tué,matar,0.3333333333333333
232,question,pregunta,0.2
233,partie,parte,1.0
234,histoire,historia,1.0
235,devrais,debería,0.5
236,aide,ayuda,0.5
237,dernière,ultimo,0.0
238,demande,solicitud,0.2
239,chercher,buscar,0.3333333333333333
240,pensais,pensamiento,0.5
241,genre,género,0.75
242,seulement,solamente,1.0
243,police,policía,0.75
244,car,porque,0.3333333333333333
245,mois,mes,1.0
246,frère,hermano,0.25
247,laisser,dejar,0.25
248,aucun,ninguna,0.25
249,mettre,poner,0.25
250,laisse,dejar solo,0.16666666666666666
251,chaque,cada,0.3333333333333333
252,ville,pueblo,0.3333333333333333
253,arrivé,venir,0.0
254,devrait,debería,0.5
255,parlé,hablar,0.25
256,avez-vous,tiene,0.0
257,vont,van,0.6666666666666666
258,longtemps,mucho tiempo,0.2857142857142857
259,aucune,ninguna,0.25
260,heures,horas,1.0
261,bébé,bebé,0.75
262,place,cuadrado,0.0
263,revoir,ver de nuevo,0.14285714285714285
264,putain,puta,0.6666666666666666
265,compris,comprendido,0.5714285714285714
266,ni,ninguno de los dos,0.08333333333333333
267,savais,supo,0.3333333333333333
268,leurs,sus,0.3333333333333333
269,attention,atención,0.4
270,donner,dar,0.5
271,affaire,asunto,0.0
272,endroit,lugar,0.25
273,pourrais,pudo,0.25
274,corps,cuerpo,0.75
275,façon,camino,0.3333333333333333
276,donné,dado,0.25
277,est-il,lo es,0.0
278,voici,aquí está,0.0
279,train,tren,1.0
280,dont,cuyo,0.0
281,écoute,escuchar,0.2
282,yeux,ojos,0.0
283,trouve,encontrar,0.3333333333333333
284,pouvoir,poder,0.6666666666666666
285,type,tipo,0.6666666666666666
286,perdu,perdió,0.75
287,premier,primero,1.0
288,première,primero,0.8
289,côté,lado,0.0
290,point,punto,1.0
291,tellement,mucho,0.16666666666666666
292,main,mano,1.0
293,tiens,aquí,0.0
294,enfant,niño,0.25
295,vieux,antiguo,0.0
296,matin,mañana,0.6666666666666666
297,venu,vino,1.0
298,pardon,perdón,0.8
299,là-bas,lo bajo,0.4
300,suite,después,0.2
301,vers,hacia,0.0
302,minutes,minutos,1.0
303,demandé,pedir,0.2
304,venez,venir,0.6666666666666666
305,devant,delante,0.75
306,dr,dr.,0.6666666666666666
307,enfin,finalmente,0.3333333333333333
308,arrêter,parar,0.4
309,cause,causa,1.0
310,nouvelle,nueva,0.5
311,attendez,espere,0.0
312,chambre,habitación,0.0
313,droit,correcto,0.4
314,parti,izquierda,0.25
315,mis,poner,0.0
316,eau,agua,0.0
317,compte,cuenta,0.5
318,dirait,diría,0.6666666666666666
319,terre,tierra,1.0
320,belle,precioso,0.0
321,espère,esperar,0.75
322,aimerais,gustaria,0.0
323,loin,lejos,0.3333333333333333
324,as-tu,tienes,0.0
325,mari,esposo,0.0
326,donne,dado,0.3333333333333333
327,fin,final,0.6666666666666666
328,croire,creer,1.0
329,mme,sra,0.0
330,gros,grueso,1.0
331,boulot,curro,0.0
332,plutôt,en cambio,0.0
333,chérie,cariño,0.25
334,prêt,listo,0.25
335,filles,muchachas,0.16666666666666666
336,bureau,despacho,0.0
337,mourir,morir,1.0
338,hier,el dia de ayer,0.125
339,possible,posible,0.8
340,jouer,jugar,0.6666666666666666
341,demander,pedir,0.4
342,celui,el único,0.0
343,voulait,quería,0.0
344,beau,hermoso,0.0
345,jeune,joven,0.6666666666666666
346,euh,oh,1.0
347,dehors,afuera,0.25
348,docteur,médico,0.0
349,a-t-il,él tiene,0.0
350,confiance,confianza,0.8
351,appeler,llamar,0.25
352,années,años,0.25
353,vérité,verdad,0.4
354,école,escuela,0.6666666666666666
355,chef,jefe,0.3333333333333333
356,femmes,mujeres,0.25
357,propos,sobre,0.0
358,semaine,semana,1.0
359,vivre,vivir,1.0
360,regardez,mira,0.2
361,feu,fuego,0.5
362,journée,tiempo de día,0.0
363,madame,señora,0.0
364,hey,oye,0.5
365,téléphone,teléfono,0.5714285714285714
366,près,cerca,0.25
367,affaires,negocio,0.0
368,meilleur,mejor,0.5
369,devez,deber,0.3333333333333333
370,dessus,arriba,0.0
371,mains,manos,1.0
372,penses,pensar,0.75
373,prie,rezar,0.3333333333333333
374,équipe,tripulación,0.14285714285714285
375,vas-y,avanzar,0.25
376,grande,grande,1.0
377,manger,comer,0.25
378,arriver,llegar,0.25
379,dur,difícil,0.2
380,guerre,guerra,1.0
381,appelé,llamó,0.0
382,marche,caminando,0.2
383,sécurité,seguridad,0.3333333333333333
384,garçon,niño,0.0
385,essaie,probar,0.0
386,important,importante,1.0
387,dites,decir,0.3333333333333333
388,exactement,exactamente,1.0
389,font,hacen,0.0
390,fort,fuerte,1.0
391,presque,casi,0.25
392,plein,completo,0.4
393,derrière,detrás,0.4
394,ben,bien,1.0
395,mariage,boda,0.0
396,parents,padres,0.4
397,capitaine,capitán,0.8
398,dernier,ultimo,0.0
399,fou,loco,0.0
400,ceux,aquellos,0.0
401,tomber,caer,0.25
402,attendre,esperar,0.2
403,vue,visto,0.3333333333333333
404,pensé,pensar,0.75
405,souviens,recuerda,0.0
406,envie,urgir,0.0
407,fête,fiesta,0.6666666666666666
408,jeu,juego,0.5
409,génial,estupendo,0.2
410,pays,país,0.6666666666666666
411,garde,mantener,0.0
412,cours,clase,0.6666666666666666
413,bientôt,pronto,0.2
414,ii,yo,0.0
415,numéro,número,0.5
416,personnes,gente,0.16666666666666666
417,cinq,cinco,0.6666666666666666
418,parfait,perfecto,0.8
419,excusez-moi,discúlpeme,0.2857142857142857
420,laissé,dejar solo,0.16666666666666666
421,ainsi,de este modo,0.14285714285714285
422,retour,devolver,0.2
423,semble,parece,0.0
424,autant,como mucho,0.0
425,peine,tristeza,0.0
426,minute,minuto,1.0
427,essayé,intentó,0.0
428,plan,plan,1.0
429,instant,instante,1.0
430,prison,prisión,0.8
431,penser,pensar,1.0
432,essayer,probar,0.25
433,prend,tomar,0.0
434,arme,armado,0.6666666666666666
435,mauvais,equivocado,0.25
436,mot,palabra,0.0
437,travailler,trabajar,0.5
438,quatre,cuatro,0.6666666666666666
439,rentrer,regresar,0.4
440,regarder,mirar,0.4
441,choix,opcion,0.0
442,êtes-vous,eres,0.16666666666666666
443,parfois,algunas veces,0.125
444,film,película,0.2
445,abord,a bordo,0.75
446,voyez,ver,0.3333333333333333
447,faute,error,0.0
448,facile,fácil,0.75
449,croyais,creía,0.5
450,bas,abajo,0.5
451,changer,cambiar,0.4
452,entendre,escuchar,0.2
453,plaisir,placer,0.75
454,heureux,contento,0.0
455,entrer,entrar,1.0
456,voudrais,gustaría,0.2
457,es-tu,eres,0.0
458,propre,propio,0.75
459,tour,redondo,0.0
460,fera,servirá,0.2
461,ensuite,después,0.2
462,garder,mantener,0.2
463,agent,agente,1.0
464,allait,iba a,0.0
465,lit,cama,0.0
466,travaille,trabajar,0.4
467,adore,adorar,0.6666666666666666
468,amie,amiga,0.5
469,rendre,regresar,0.4
470,allons-y,vamos,0.16666666666666666
471,route,la carretera,0.2857142857142857
472,lieu,evento,0.0
473,année,año,0.0
474,voit,ve,0.5
475,commence,empezar,0.2
476,service,servicio,1.0
477,devoir,a tener que,0.16666666666666666
478,attend,murga,0.0
479,drôle,gracioso,0.25
480,difficile,difícil,0.8
481,sûre,seguro,0.6666666666666666
482,pire,peor,1.0
483,pos,posición,0.4
484,peuvent,pueden,0.5
485,sujet,tema,0.0
486,état,estado,0.3333333333333333
487,ceci,este,0.0
488,impossible,imposible,0.8333333333333334
489,sorte,tipo,0.0
490,perdre,perder,1.0
491,dollars,dolares,0.8
492,voulu,deseado,0.0
493,morte,muerto,1.0
494,ira,iré,0.5
495,faisait,estaba haciendo,0.125
496,bizarre,extraño,0.25
497,oublié,olvidó,0.0
498,arrêtez,deténgase,0.0
499,ferai,servirá,0.2
500,tôt,pronto,0.25
501,inquiète,preocuparse,0.0
502,payer,paga,0.3333333333333333
503,coeur,corazón,0.4
504,dès,desde,0.3333333333333333
505,pouvais,pudo,0.3333333333333333
506,reviens,regresar,0.4
507,chien,perro,0.0
508,suffit,suficiente,0.6
509,prenez,tomar,0.0
510,pensez,pensar,0.75
511,café,café,1.0
512,calme,calma,1.0
513,cherche,buscar,0.2
514,montrer,mostrar,0.8
515,parles,hablar,0.25
516,photo,foto,0.3333333333333333
517,ferme,granja,0.25
518,problèmes,problemas,0.8571428571428571
519,the,té,0.5
520,cœur,corazón,0.2
521,sûrement,seguramente,0.8333333333333334
522,verre,vidrio,0.6666666666666666
523,aimes,amor,0.5
524,devons,tengo que,0.0
525,veulent,desear,0.0
526,doute,duda,0.5
527,musique,música,0.5
528,courant,correr,0.5
529,sauf,excepto,0.0
530,moyen,medio,0.3333333333333333
531,nouvelles,nuevo,0.4
532,puis-je,puedo,0.25
533,avis,aviso,1.0
534,sauver,ahorrar,0.25
535,hôpital,hospital,0.8
536,questions,preguntas,0.3333333333333333
537,meurtre,asesinato,0.0
538,sérieux,serio,0.5
539,seconde,el segundo,0.5
540,trucs,cosas,0.25
541,comprendre,comprender,1.0
542,allais,estaba yendo,0.0
543,esprit,espíritu,0.8
544,cool,frío,0.0
545,mlle,milisegundo,0.3333333333333333
546,marché,mercado,0.6
547,fous,loca,0.0
548,laisse-moi,dejame,0.2
549,haut,alto,0.5
550,salle,sala,0.6666666666666666
551,malade,enfermo,0.0
552,changé,intercambio,0.0
553,gentil,amable,0.25
554,allé,vamos,0.0
555,six,seis,0.5
556,simple,sencillo,0.4
557,john,juan,0.6666666666666666
558,semaines,semanas,1.0
559,celle,que,0.0
560,jack,jack,1.0
561,appris,aprendió,0.2
562,seigneur,caballero,0.2
563,dîner,cena,0.25
564,sors,salir afuera,0.3333333333333333
565,commencé,empezado,0.16666666666666666
566,suppose,ficticio,0.0
567,chemin,sendero,0.0
568,partout,en todas partes,0.3
569,bras,brazo,0.6666666666666666
570,cul,culo,1.0
571,prochaine,siguiente,0.0
572,visage,cara,0.0
573,h,h,1.0
574,meilleure,mejor,0.5
575,face,cara,0.0
576,soirée,tardecita,0.2
577,roi,rey,0.5
578,surtout,sobretodo,0.6
579,retard,demora,0.25
580,écrit,escritura,0.6
581,livre,libro,0.6666666666666666
582,rapport,relación,0.2
583,chéri,querido,0.0
584,message,mensaje,0.5
585,voulez-vous,quiere usted,0.0
586,vaut,valor,0.3333333333333333
587,ferais,haría,0.3333333333333333
588,morts,muerto,0.75
589,boire,beber,0.6666666666666666
590,président,presidente,0.8571428571428571
591,plait,por favor,0.16666666666666666
592,bois,madera,0.0
593,sinon,de lo contrario,0.1111111111111111
594,erreur,error,1.0
595,new,nuevo,0.5
596,ecoute,escuchar,0.2
597,mr,sres,0.3333333333333333
598,rentre,vete a casa,0.0
599,rendez-vous,cita,0.0
600,devait,tuve que,0.25
601,revenir,volver,0.25
602,joue,desempeñar,0.0
603,pauvre,pobre,0.6666666666666666
604,devenir,volverse,0.2
605,rencontrer,encontrar,0.8571428571428571
606,sort,deletrear,0.2
607,commencer,comenzar,0.6666666666666666
608,pouvait,pudo,0.3333333333333333
609,occupe,mantenerse ocupado,0.2
610,entends,oír,0.0
611,souvent,frecuentemente,0.25
612,pièce,habitación,0.16666666666666666
613,reçu,recibió,0.25
614,grave,severo,0.0
615,mets,poner,0.0
616,intérieur,interior,0.8
617,honneur,honor,0.75
618,dormir,dormir,1.0
619,an,año,0.0
620,faux,falso,0.3333333333333333
621,messieurs,caballeros,0.3333333333333333
622,groupe,banda,0.0
623,rêve,sueño,0.0
624,carte,mapa,0.0
625,appel,llamar,0.0
626,manque,falta,0.0
627,envoyé,enviado,0.5
628,début,inicio,0.0
629,sam,se sentó,0.16666666666666666
630,puisse,mayo,0.0
631,écoutez,escuchar,0.2
632,laissez-moi,déjame,0.16666666666666666
633,bonsoir,buenas noches,0.375
634,content,contento,1.0
635,secret,secreto,1.0
636,venue,venir,0.6666666666666666
637,cher,querido,0.0
638,dis-moi,dime,0.5
639,effet,efecto,0.6666666666666666
640,voyons,vamos a ver,0.14285714285714285
641,sac,bolso,0.0
642,continue,continúa,0.8
643,acheter,comprar,0.4
644,voix,voz,0.5
645,certains,alguno,0.2
646,occuper,para ocupar,0.5
647,noël,navidad,0.25
648,gagner,ganar,0.75
649,grâce,gracia,0.75
650,maître,maestro,0.75
651,prix,premio,0.6666666666666666
652,mauvaise,malo,0.3333333333333333
653,général,general,0.6666666666666666
654,âge,edad,0.0
655,long,largo,0.6666666666666666
656,rue,calle,0.0
657,tirer,jalar,0.3333333333333333
658,apprendre,aprender,0.8333333333333334
659,cheveux,pelo,0.0
660,noir,negro,0.6666666666666666
661,promis,prometido,0.6
662,patron,jefe,0.0
663,avocat,abogado,0.0
664,force,fuerza,0.6666666666666666
665,accident,accidente,1.0
666,dix,diez,0.5
667,probablement,más probable,0.2222222222222222
668,laissez,dejar,0.0
669,bout,final,0.0
670,ordre,ordenar,0.75
671,armes,armas,1.0
672,cru,creía,0.6666666666666666
673,déteste,odiado,0.2
674,retrouver,encontrar,0.3333333333333333
675,millions,millón,0.6
676,incroyable,increíble,0.8333333333333334
677,voyage,viajar,0.3333333333333333
678,ailleurs,en algún otro lugar,0.15384615384615385
679,oublie,olvidar,0.0
680,ressemble,parece,0.0
681,bienvenue,bienvenidos,0.6666666666666666
682,disparu,desvanecido,0.3333333333333333
683,protéger,proteger,0.8333333333333334
684,utiliser,usar,0.5
685,situation,situación,0.6
686,petits,pequeña,0.25
687,veux-tu,quieres,0.0
688,connaissez,saber,0.16666666666666666
689,simplement,meramente,0.5714285714285714
690,scène,escenario,0.5
691,sœur,hermana,0.0
692,prête,lista,0.25
693,oncle,tío,0.0
694,devriez,debería,0.5
695,liste,listado,0.75
696,soeur,hermana,0.25
697,complètement,completamente,0.8888888888888888
698,dos,espalda,0.0
699,armée,ejército,0.2
700,paix,paz,0.5
701,battre,batir,0.75
702,york,york,1.0
703,crime,delito,0.0
704,anniversaire,aniversario,0.8333333333333334
705,finir,terminar,0.4
706,réussi,exitoso,0.25
707,agit,hechos,0.0
708,i,yo,0.0
709,retourner,dar la vuelta,0.125
710,sale,sucio,0.5
711,libre,libre,1.0
712,bouge,muevete,0.0
713,contrôle,control,0.8333333333333334
714,rappelle,recuerda,0.2
715,arrêté,detenido,0.0
716,hôtel,hotel,0.75
717,idiot,estúpido,0.2
718,okay,okey,1.0
719,rencontré,reunir,0.42857142857142855
720,restez,quédate,0.0
721,absolument,absolutamente,0.8571428571428571
722,mots,palabras,0.2
723,victime,víctima,0.8
724,impression,impresión,0.8333333333333334
725,décidé,decidió,0.6
726,sympa,bonito,0.0
727,pars,abandonar,0.0
728,fasse,hacer,0.0
729,avion,plano,0.3333333333333333
730,bordel,desorden,0.4
731,habitude,hábito,0.5
732,table,mesa,0.0
733,rouge,rojo,0.5
734,système,sistema,0.6666666666666666
735,photos,fotos,0.5
736,médecin,médico,0.8
737,bateau,barco,0.3333333333333333
738,stupide,mudo,0.25
739,faim,hambre,0.25
740,autour,alrededor,0.2
741,fond,abajo,0.0
742,surprise,sorpresa,1.0
743,croyez,creer,0.5
744,devais,tuve que,0.25
745,ligne,línea,0.6666666666666666
746,porter,llevar,0.25
747,imagine,concebido,0.0
748,colère,rabia,0.0
749,clair,luz,0.3333333333333333
750,savait,supo,0.3333333333333333
751,balle,pelota,0.3333333333333333
752,gagné,ganó,0.5
753,or,oro,1.0
754,hors,excepto,0.0
755,magnifique,espléndido,0.14285714285714285
756,risque,riesgo,0.6666666666666666
757,terminé,terminado,0.8
758,su,conocido,0.0
759,heureuse,contento,0.0
760,mission,asignación,0.16666666666666666
761,jolie,bonita,0.0
762,parlez,hablar,0.25
763,présent,aquí,0.0
764,sorti,salió,0.3333333333333333
765,cadeau,presente,0.0
766,expliquer,explique,0.8
767,volé,volar,0.6666666666666666
768,plusieurs,varios,0.4
769,gauche,izquierda,0.0
770,ferait,haría,0.3333333333333333
771,neuf,nuevo,0.5
772,passe-t-il,sucede,0.14285714285714285
773,ouvre,abierto,0.3333333333333333
774,disais,estaba diciendo,0.125
775,dedans,en el interior,0.125
776,disent,decir,0.25
777,pouvons,podemos,0.5
778,allez-y,ve a por ello,0.0
779,suivre,seguir,0.6666666666666666
780,pourra,será capaz,0.14285714285714285
781,inspecteur,inspector,1.0
782,réponse,responder,0.5
783,lumière,luz,0.25
784,pieds,pies,0.6666666666666666
785,pote,camarada,0.0
786,montre,reloj,0.0
787,pied,pie,0.5
788,marcher,caminar,0.2
789,charlie,charlie,1.0
790,envoyer,enviar a,0.5
791,vraie,verdadero,0.4
792,espèce,especies,0.5
793,doivent,deben,0.5
794,allô,hola,0.3333333333333333
795,pareil,lo mismo,0.0
796,vas-tu,vas a ir,0.4
797,soleil,sol,0.6666666666666666
798,camp,acampar,0.75
799,fallait,tuve que,0.0
800,coin,esquina,0.3333333333333333
801,ignore,pasar por alto,0.1111111111111111
802,moitié,mitad,0.6666666666666666
803,you,tú,0.0
804,selon,de acuerdo a,0.0
805,tenir,mantener,0.6
806,grosse,grande,0.5
807,vouloir,querer,0.3333333333333333
808,michael,miguel,0.5
809,vieille,antiguo,0.0
810,devenu,convertirse,0.14285714285714285
811,continuer,seguir,0.2
812,rend,hace,0.0
813,sortie,salida,0.3333333333333333
814,recherche,investigar,0.0
815,arrière,espalda,0.0
816,lire,leer,1.0
817,doucement,suavemente,0.6
818,joli,"bonito, lindo",0.125
819,avance,ventaja,0.5
820,exact,exacto,1.0
821,disait,dijo,0.3333333333333333
822,club,club,1.0
823,arrivée,llegada,0.0
824,tue,matar,0.3333333333333333
825,laquelle,cuál,0.25
826,poser,para posar,0.5
827,chaud,caliente,0.25
828,aimé,me gusta,0.2
829,david,david,1.0
830,fais-tu,estás haciendo,0.1111111111111111
831,tom,tomás,0.5
832,professeur,profesor,0.8333333333333334
833,quitter,abandonar,0.2
834,loi,ley,0.5
835,tueur,asesino,0.0
836,donne-moi,dame,0.4
837,flics,policías,0.6
838,connaître,saber,0.16666666666666666
839,lettre,carta,0.25
840,forme,forma,1.0
841,connaît,sabe,0.0
842,conseil,consejo,0.75
843,bar,bar,1.0
844,normal,normal,1.0
845,danger,peligro,0.5
846,dangereux,peligroso,0.4
847,folle,mujer loca,0.16666666666666666
848,jure,jurado,0.6666666666666666
849,tiré,dibujado,0.0
850,essaye,probar,0.0
851,bonnes,bueno,0.5
852,offre,oferta,0.3333333333333333
853,but,objetivo,0.5
854,froid,frío,0.6666666666666666
855,allez-vous,vas a ir,0.0
856,prêts,prestamos,0.6666666666666666
857,tranquille,calma,0.16666666666666666
858,gamin,niño,0.0
859,joe,josé,0.3333333333333333
860,classe,clase,0.75
861,joué,desempeñar,0.0
862,poste,trabajo,0.0
863,con,estafa,0.0
864,mike,miguel,0.3333333333333333
865,attaque,ofensivo,0.0
866,boîte,caja,0.0
867,enquête,encuesta,0.5
868,visite,visitar,0.75
869,juge,juez,0.5
870,moi-même,yo mismo,0.4
871,bord,borde,1.0
872,debout,vertical,0.2
873,envoie,enviar,0.6666666666666666
874,preuve,evidencia,0.0
875,oublier,olvidar,0.25
876,bons,bueno,0.6666666666666666
877,vivant,vivir,0.5
878,ciel,cielo,1.0
879,lu,leer,0.5
880,touche,toca,0.6666666666666666
881,aimer,amar,1.0
882,faites-vous,lo haces,0.16666666666666666
883,télé,televisor,0.2
884,met,pone,0.0
885,écouter,escuchar,0.4
886,ll,él,0.5
887,pourtant,sin embargo,0.0
888,change,intercambio,0.0
889,triste,triste,1.0
890,droite,derecha,0.5
891,gueule,boca,0.0
892,tombe,caídas,0.0
893,sentir,sentir,1.0
894,ouvrir,abrir,0.6666666666666666
895,travers,mediante,0.0
896,santé,salud,0.25
897,dossier,carpetas,0.0
898,ie,es decir,0.0
899,jeunes,juventud,0.4
900,frank,franco,0.75
901,coucher,dormir,0.25
902,cuisine,cocina,0.6666666666666666
903,monte,montado,0.75
904,pouvez-vous,usted puede,0.0
905,signifie,medio,0.0
906,entrez,adelante,0.0
907,relation,relación,0.6
908,centre,centro,1.0
909,dame,dama,1.0
910,chacun,cada uno,0.5
911,chanson,canción,0.4
912,foutre,mierda,0.0
913,voler,robar,0.3333333333333333
914,blanc,"blanco, blanca",0.4
915,george,jorge,0.6666666666666666
916,certain,cierto,0.75
917,don,don,1.0
918,âme,alma,0.5
919,manière,la manera,0.4
920,flic,policía,0.5
921,décision,decisión,0.6
922,mange,comer,0.0
923,vit,vive,0.5
924,compagnie,empresa,0.4
925,déjeuner,comida,0.0
926,différent,diferente,0.7142857142857143
927,tire,dibujado,0.0
928,ordres,órdenes,0.6
929,clé,llave,0.3333333333333333
930,vaisseau,buque,0.0
931,secondes,segundos,0.8
932,enfer,infierno,0.75
933,sortez,sal,0.25
934,vendre,vender,1.0
935,faisais,estaba haciendo,0.0
936,responsable,responsable,1.0
937,mecs,tipo,0.0
938,nulle,nula,0.6666666666666666
939,signe,signo,1.0
940,lieutenant,teniente,0.8
941,aille,vamos,0.0
942,acheté,comprado,0.2
943,étrange,extraño,0.4
944,diable,demonio,0.3333333333333333
945,viennent,están viniendo,0.3333333333333333
946,monter,subir,0.25
947,là-dedans,ahí,0.0
948,capable,poder,0.25
949,emmener,llevar,0.25
950,écrire,escribir,0.6
951,honte,verguenza,0.2
952,bouche,cargado,0.0
953,préfère,prefiere,0.6666666666666666
954,coupable,culpable,0.8
955,rire,risa,0.5
956,payé,pagado,0.3333333333333333
957,soin,cuidado,0.0
958,milieu,ambiente,0.25
959,appartement,apartamento,0.8571428571428571
960,prochain,siguiente,0.0
961,cerveau,cerebro,0.5
962,paris,parís,0.75
963,blague,broma,0.3333333333333333
964,choisi,seleccionado,0.16666666666666666
965,époque,era,0.0
966,voie,camino,0.0
967,réunion,reunión,0.5
968,connu,conocido,0.5
969,allée,pasillo,0.25
970,intérêt,interés,0.5
971,cheval,caballo,0.5
972,combat,lucha,0.0
973,silence,silencio,1.0
974,coups,trazos,0.25
975,existe,existir,0.75
976,ia,ai,
977,retourne,devolver,0.0
978,tel,teléfono,0.4
979,trou,agujero,0.3333333333333333
980,public,audiencia,0.25
981,peter,tirarse un pedo,0.1111111111111111
982,oeil,ojo,0.0
983,pleine,completo,0.4
984,cacher,esconder,0.4
985,amoureux,enamorado,0.5
986,drogue,marihuana,0.25
987,commandant,el oficial al mando,0.18181818181818182
988,garçons,niños,0.2
989,faisons,hacer,0.0
990,paul,pablo,0.6666666666666666
991,tient,está aguantando,0.3333333333333333
992,est-elle,es ella,0.6
993,prise,enchufe,0.0
994,gouvernement,gobierno,0.42857142857142855
995,dirai,diría,0.6666666666666666
996,client,cliente,1.0
997,adresse,dirección,0.3333333333333333
998,journal,iniciar sesión,0.125
999,contact,contactar,0.8333333333333334
1000,dingue,loca,0.0
1001,sent,siente,1.0
1002,récupérer,recuperar,0.7142857142857143
1003,base,base,1.0
1004,preuves,evidencia,0.0
1005,présente,presente,0.8333333333333334
1006,peau,piel,0.5
1007,servir,servir,1.0
1008,peuple,poblada,0.5
1009,exemple,ejemplo,0.75
1010,fiche,forma,0.3333333333333333
1011,max,máximo,0.5
1012,promets,promesa,0.8
1013,lequel,cual,0.3333333333333333
1014,blessé,herir,0.0
1015,société,sociedad,0.4
1016,tort,equivocado,0.0
1017,sept,siete,0.6666666666666666
1018,pourriez,pudo,0.25
1019,savent,saber,0.25
1020,ouvert,abierto,0.6666666666666666
1021,héros,héroe,0.75
1022,menti,mintió,0.75
1023,mer,mar,1.0
1024,contente,feliz,0.0
1025,quitté,en paz,0.0
1026,jeter,tirar,0.3333333333333333
1027,sauvé,seguro,0.3333333333333333
1028,bière,cerveza,0.0
1029,assis,se sentó,0.3333333333333333
1030,robe,vestir,0.0
1031,ecoutez,escuchar,0.2
1032,devient,se convierte en,0.2222222222222222
1033,félicitations,felicidades,0.5
1034,opération,operación,0.4
1035,prévu,destinado,0.0
1036,tenez,mantener,0.4
1037,livres,libros,0.75
1038,répondre,responder,0.8333333333333334
1039,seuls,solo,0.6666666666666666
1040,pute,puta,1.0
1041,entrée,salón,0.0
1042,vol,vuelo,1.0
1043,horrible,horrible,1.0
1044,vin,vino,1.0
1045,dommage,verguenza,0.0
1046,dites-moi,dime,0.4
1047,colonel,coronel,0.75
1048,ramener,traer de vuelta,0.1111111111111111
1049,règles,normas,0.2
1050,nez,nariz,0.6666666666666666
1051,justice,justicia,1.0
1052,fbi,fbi,1.0
1053,découvert,descubierto,0.6666666666666666
1054,départ,salida,0.0
1055,bruit,ruido,0.3333333333333333
1056,secours,rescate,0.25
1057,vérifier,controlar,0.3333333333333333
1058,enceinte,embarazada,0.0
1059,mise,apuesta,0.3333333333333333
1060,témoin,testigo,0.25
1061,dirais,diría,0.6666666666666666
1062,directeur,director,1.0
1063,intéressant,interesante,0.75
1064,excuse,disculpar,0.16666666666666666
1065,environ,alrededor de,0.14285714285714285
1066,inutile,inútil,0.75
1067,terrible,horrible,0.8
1068,danse,baile,0.0
1069,position,posición,0.6
1070,humain,humano,1.0
1071,apparemment,aparentemente,0.5714285714285714
1072,avenir,viniendo,0.5
1073,rêves,sueños,0.25
1074,œil,ojo,0.0
1075,bête,bestia,0.6666666666666666
1076,sérieusement,en serio,0.14285714285714285
1077,bravo,bien hecho,0.16666666666666666
1078,approche,acercarse,0.2
1079,nourriture,alimento,0.2
1080,fric,dinero,0.0
1081,plupart,principalmente,0.3333333333333333
1082,lycée,escuela secundaria,0.2222222222222222
1083,tas,montón,0.2
1084,empêcher,evitar,0.16666666666666666
1085,longue,largo,0.6666666666666666
1086,sexe,sexo,1.0
1087,niveau,nivel,0.6666666666666666
1088,banque,banco,0.6666666666666666
1089,éviter,para evitar,0.5
1090,lune,luna,1.0
1091,pitié,lástima,0.2
1092,liberté,libertad,0.8
1093,expérience,experiencia,0.8333333333333334
1094,procès,caso de corte,0.125
1095,radio,radio,1.0
1096,hum,em,0.5
1097,verra,veremos,0.5
1098,thé,té,0.6666666666666666
1099,partez,abandonar,0.0
1100,utilisé,usó,0.25
1101,mur,pared,0.3333333333333333
1102,pose,establecido,0.0
1103,revenu,ingresos,0.2
1104,deuxième,en segundo,0.0
1105,bande,vendado,0.5
1106,asseyez-vous,siéntese,0.2857142857142857
1107,certaines,alguno,0.2
1108,ridicule,ridículo,0.8
1109,nord,norte,0.6666666666666666
1110,appelez,llamar,0.0
1111,copine,amigo,0.0
1112,baiser,beso,0.6666666666666666
1113,anglais,inglés,0.8
1114,henry,enrique,0.5
1115,toilettes,baño,0.0
1116,portes,puertas,1.0
1117,faudra,tendrá que,0.2857142857142857
1118,occupé,ocupado,0.5
1119,grands,grande,0.8
1120,and,y,0.0
1121,dérange,molesta,0.0
1122,rôle,role,0.6666666666666666
1123,censé,supuesto,0.25
1124,savez-vous,¿lo sabías?,0.125
1125,james,james,1.0
1126,reine,reina,1.0
1127,croit,cree,0.6666666666666666
1128,cour,tribunal,0.2
1129,église,iglesia,0.75
1130,vide,vacío,0.3333333333333333
1131,obtenir,obtener,1.0
1132,conneries,mierda,0.2
1133,ennuis,problema,0.0
1134,personnel,personal,0.8333333333333334
1135,conduire,conducir,0.8
1136,tombé,caídas,0.0
1137,sol,suelo,1.0
1138,code,codificado,0.4
1139,huit,ocho,0.0
1140,espoir,esperar,0.75
1141,comprenez,comprender,0.7142857142857143
1142,spécial,especial,0.8
1143,vidéo,video,0.6666666666666666
1144,vêtements,ropa,0.0
1145,défense,defensa,0.8
1146,alex,alex,1.0
1147,sud,sur,0.5
1148,grand-mère,abuela,0.0
1149,match,juego,0.0
1150,bombe,bomba,1.0
1151,intéresse,interesado,0.6666666666666666
1152,zone,área,0.0
1153,tante,tía,0.3333333333333333
1154,paraît,parece,0.5
1155,excuser,disculpar,0.3333333333333333
1156,magasin,tienda,0.0
1157,marier,casar,0.3333333333333333
1158,chère,querida,0.0
1159,souvenir,acuerdo,0.0
1160,proche,cerca,0.5
1161,revient,regresar,0.2
1162,danny,danny,1.0
1163,douleur,dolor,1.0
1164,arrivera,llegar a,0.2
1165,presse,apuro,0.5
1166,merveilleux,maravilloso,0.8333333333333334
1167,asseoir,sentar,0.5
1168,ravi,contento,0.0
1169,aimais,amado,0.5
1170,h.,h.,1.0
1171,amérique,america,0.5
1172,fenêtre,ventana,0.4
1173,mien,mía,0.5
1174,terrain,terrestre,0.5
1175,sergent,sargento,1.0
1176,peux-tu,puedes,0.25
1177,projet,proyecto,0.6
1178,quartier,pieza,0.0
1179,planète,planeta,0.8
1180,certainement,definitivamente,0.5
1181,rapide,rápido,0.75
1182,lorsque,cuando,0.0
1183,assurer,para asegurar,0.42857142857142855
1184,rendu,rendido,0.75
1185,mignon,lindo,0.25
1186,tourne,transformado,0.375
1187,danser,bailar,0.25
1188,bob,beto,0.5
1189,clients,clientela,0.8
1190,petites,pequeña,0.25
1191,aimez,amor,0.5
1192,présenter,presentar,0.8571428571428571
1193,importance,importancia,1.0
1194,venus,venus,1.0
1195,jimmy,palanqueta,0.0
1196,sache,saber,0.3333333333333333
1197,mérite,merecido,0.25
1198,machine,máquina,0.5
1199,derniers,ultimo,0.0
1200,programme,programa,0.8333333333333334
1201,mesdames,señoras,0.4
1202,meilleurs,mejor,0.4
1203,honnête,honesto,0.6
1204,essayez,probar,0.0
1205,irai,iré,0.5
1206,connard,estúpido,0.2
1207,occasion,oportunidad,0.16666666666666666
1208,prouver,demostrar,0.16666666666666666
1209,travaillé,trabajar,0.3333333333333333
1210,glace,helado,0.3333333333333333
1211,parie,apuesta,0.3333333333333333
1212,camion,camión,0.75
1213,fier,orgulloso,0.0
1214,discuter,conversar,0.16666666666666666
1215,village,pueblo,0.25
1216,spectacle,espectáculo,0.8571428571428571
1217,nul,malo,0.5
1218,rose,rosado,0.6666666666666666
1219,touché,pegar,0.0
1220,mangé,comer,0.0
1221,vis,tornillo,0.0
1222,parole,discurso,0.2
1223,rencontre,reunir,0.5
1224,apprécie,valorar,0.2
1225,jane,jane,1.0
1226,réalité,la realidad,0.16666666666666666
1227,savons,jabones,0.5
1228,respect,respeto,0.8
1229,remettre,volver a poner,0.2222222222222222
1230,vacances,vacaciones,0.6
1231,détruire,destruir,0.8
1232,choisir,elegir,0.25
1233,ha,decir ah,0.2
1234,découvrir,descubrir,0.6666666666666666
1235,idées,ideas,0.6666666666666666
1236,officier,oficial,0.5
1237,frères,hermanos,0.4
1238,sert,sirve,0.6666666666666666
1239,bill,factura,0.0
1240,solution,solución,0.6
1241,informations,información,0.5714285714285714
1242,attendais,estaba esperando,0.2222222222222222
1243,monstre,fenómeno,0.2
1244,sexy,sexy,1.0
1245,ordinateur,computadora,0.3333333333333333
1246,retrouvé,fundar,0.0
1247,nature,naturaleza,0.6
1248,rappeler,recuerdo,0.2
1249,énergie,energía,0.5
1250,pierre,piedra,0.6666666666666666
1251,utilise,usó,0.0
1252,pression,presión,0.8
1253,chaussures,zapatos,0.16666666666666666
1254,faite,hecho,0.0
1255,histoires,cuentos,0.4
1256,sarah,sara,0.6666666666666666
1257,marié,marie,0.6666666666666666
1258,espace,espacio,1.0
1259,nick,mella,0.0
1260,portable,portátil,0.6666666666666666
1261,préparer,preparar,0.8333333333333334
1262,nécessaire,necesario,0.6666666666666666
1263,court,corre,0.6666666666666666
1264,offrir,ofrecer,0.5
1265,will,voluntad,0.2
1266,ai-je,tengo,0.0
1267,tony,tony,1.0
1268,envers,hacia,0.0
1269,bain,bañera,0.3333333333333333
1270,charge,cobrar,0.5
1271,mary,maría,0.6666666666666666
1272,harry,harry,1.0
1273,jim,jim,1.0
1274,ennemi,enemigo,0.3333333333333333
1275,arrivent,llegar,0.0
1276,immédiatement,inmediatamente,0.75
1277,finalement,por último,0.14285714285714285
1278,énorme,enorme,0.75
1279,grand-père,abuelo,0.0
1280,test,prueba,0.0
1281,gagne,ganó,0.3333333333333333
1282,réfléchir,reflejar,0.5
1283,victimes,victimas,1.0
1284,chanter,cantar,0.8
1285,futur,futuro,1.0
1286,lâche,cobardemente,0.0
1287,mademoiselle,señorita,0.0
1288,copain,novio,0.0
1289,enlever,para eliminar,0.2857142857142857
1290,pensez-vous,tu crees,0.14285714285714285
1291,retrouve,encontrar,0.3333333333333333
1292,épouser,casar,0.5
1293,fleurs,flores,1.0
1294,salope,puta,0.0
1295,gosse,niño,0.0
1296,arranger,arreglar,0.6
1297,riche,rico,0.6666666666666666
1298,faits,hechos,0.25
1299,ancien,antiguo,0.3333333333333333
1300,stop,deténgase,0.16666666666666666
1301,accepter,aceptar,0.8
1302,restes,restos,1.0
1303,nouveaux,nuevo,0.6666666666666666
1304,sauter,saltar,0.75
1305,suspect,sospechoso,0.6666666666666666
1306,vies,vive,0.5
1307,durant,durante,1.0
1308,invité,invitado,0.75
1309,politique,política,0.6
1310,dents,dientes,1.0
1311,patient,paciente,0.75
1312,repas,comida,0.0
1313,urgence,emergencia,0.8
1314,cartes,tarjetas,0.6
1315,jambes,piernas,0.25
1316,conversation,conversación,0.75
1317,telle,tal,0.6666666666666666
1318,bus,autobús,0.5
1319,to,a,0.0
1320,tourner,girar,0.5
1321,toucher,tocar,0.75
1322,mémoire,memoria,0.75
1323,série,serie,0.6666666666666666
1324,mariée,casada,0.0
1325,contraire,opuesto,0.2
1326,vent,viento,1.0
1327,taille,tamaño,0.3333333333333333
1328,donnez-moi,dame,0.3333333333333333
1329,trouves,fundar,0.0
1330,celui-là,aquél,0.2
1331,chat,gato,0.3333333333333333
1332,continuez,seguir,0.0
1333,contrat,contrato,1.0
1334,couteau,cuchillo,0.2
1335,double,doble,1.0
1336,dure,difícil,0.2
1337,carrière,carrera profesional,0.36363636363636365
1338,excuse-moi,disculpe,0.0
1339,ray,rayo,1.0
1340,regardé,mirar,0.2
1341,descendre,para ir abajo,0.0
1342,université,universidad,0.6666666666666666
1343,sentiments,sentimientos,1.0
1344,papier,papel,0.6666666666666666
1345,remarqué,observó,0.2
1346,noms,sustantivos,0.2857142857142857
1347,vécu,vivió,0.3333333333333333
1348,courage,coraje,0.6666666666666666
1349,beauté,belleza,0.25
1350,bu,bebió,0.3333333333333333
1351,tais-toi,cállate,0.2
1352,après-midi,tarde,0.2857142857142857
1353,excellent,excelente,0.8333333333333334
1354,assieds-toi,siéntate,0.3333333333333333
1355,richard,ricardo,0.8
1356,propres,limpio,0.2
1357,parmi,entre,0.0
1358,forte,fuerte,1.0
1359,couple,pareja,0.0
1360,aiment,amor,0.3333333333333333
1361,permis,permiso,1.0
1362,différence,diferencia,0.7142857142857143
1363,faudrait,debería,0.25
1364,course,la raza,0.25
1365,humains,humanos,1.0
1366,dégage,claro,0.0
1367,mille,mil,0.6666666666666666
1368,accès,acceso,0.75
1369,cible,objetivo,0.0
1370,joyeux,alegre,0.0
1371,bonheur,felicidad,0.0
1372,aimait,amado,0.5
1373,manqué,falta,0.0
1374,action,valores,0.0
1375,steve,steve,1.0
1376,aidé,ayuda,0.0
1377,vouliez,querido,0.0
1378,trouvez,encontrar,0.16666666666666666
1379,films,películas,0.3333333333333333
1380,emmène,tomar,0.25
1381,marie,marie,1.0
1382,taxi,taxi,1.0
1383,restaurant,restaurante,1.0
1384,crise,crisis,0.75
1385,piste,pista,1.0
1386,dernières,más reciente,0.125
1387,puisque,ya que,0.3333333333333333
1388,blanche,blanca,0.8
1389,coupe,cortado,0.25
1390,secrets,misterios,0.4
1391,prince,príncipe,0.6666666666666666
1392,marrant,gracioso,0.2
1393,raisons,razones,0.75
1394,refuse,denegado,0.0
1395,apporté,trajo,0.2
1396,cassé,roto,0.0
1397,lors,durante,0.25
1398,mettez,poner,0.0
1399,dis-lui,dile,0.5
1400,tuée,delicado,0.0
1401,maladie,enfermedad,0.3333333333333333
1402,mienne,mía,0.3333333333333333
1403,rentré,vete a casa,0.0
1404,week-end,fin de semana,0.0
1405,excuses,excusas,1.0
1406,km,millas,0.0
1407,alcool,alcohol,0.75
1408,voudrait,gustaría,0.2
1409,fil,hilo,0.5
1410,rends,devolver,0.0
1411,quitte,en paz,0.0
1412,couché,mintiendo,0.0
1413,disons,digamos,0.5
1414,totalement,totalmente,1.0
1415,claire,claro,1.0
1416,it,eso,0.0
1417,londres,londres,1.0
1418,remercier,gracias,0.4
1419,mêmes,mismo,0.5
1420,partis,desaparecido,0.3333333333333333
1421,pensait,pensamiento,0.6666666666666666
1422,île,isla,0.5
1423,tommy,tommy,1.0
1424,remercie,gracias,0.25
1425,caméra,cámara,0.5
1426,pensent,pensar,0.6
1427,suis-je,soy yo,0.25
1428,pleurer,llorar,0.75
1429,régler,ajustar,0.2
1430,ouvrez,abierto,0.3333333333333333
1431,entier,completo,0.0
1432,foutu,maldita sea,0.16666666666666666
1433,types,tipo,0.5
1434,fermer,cerca,0.25
1435,animaux,animales,0.5
1436,dise,decir,0.3333333333333333
1437,image,imagen,0.6666666666666666
1438,étage,escenario,0.0
1439,rejoindre,reunirse con,0.14285714285714285
1440,soldats,soldados,0.8
1441,amuser,entretener,0.16666666666666666
1442,points,puntos,1.0
1443,suivi,seguido,0.3333333333333333
1444,oubliez,olvidar,0.0
1445,langue,lengua,1.0
1446,direction,dirección,0.6666666666666666
1447,frais,costos,0.25
1448,veuillez,por favor,0.0
1449,miss,señorita,0.0
1450,soldat,soldado,0.75
1451,couleur,color,1.0
1452,bouger,mover,0.3333333333333333
1453,frappé,golpeado,0.2
1454,frapper,golpear,0.4
1455,venait,vino,0.6666666666666666
1456,raté,omitido,0.3333333333333333
1457,évidemment,obviamente,0.5714285714285714
1458,sacré,sagrado,0.5
1459,clés,llaves,0.5
1460,mentir,mentir,1.0
1461,épouse,esposa,0.6666666666666666
1462,troisième,tercera,0.4
1463,johnny,johnny,1.0
1464,amy,amy,1.0
1465,jésus,jesús,0.5
1466,faible,débil,0.5
1467,ryan,ryan,1.0
1468,afin,con el fin de,0.2222222222222222
1469,bleu,azul,0.5
1470,failli,arruinado,0.0
1471,courir,correr,0.75
1472,américain,americano,0.8
1473,détails,detalles,0.6
1474,pont,puente,1.0
1475,gay,homosexual,0.0
1476,regarde-moi,mírame,0.3333333333333333
1477,jake,jake,1.0
1478,billy,porra,0.0
1479,attraper,capturar,0.4
1480,papiers,documentos,0.16666666666666666
1481,poisson,pez,0.25
1482,lui-même,él mismo,0.5
1483,wow,guau,0.0
1484,chiens,perros,0.25
1485,date,fecha,0.0
1486,intention,intención,0.6666666666666666
1487,procureur,fiscal,0.2
1488,goût,gusto,0.6666666666666666
1489,pourras,pueden,0.25
1490,shérif,alguacil,0.0
1491,sais-tu,¿lo sabías?,0.125
1492,arrêt,deténgase,0.0
1493,sourire,sonreír,0.6
1494,lait,leche,0.3333333333333333
1495,chasse,caza,0.25
1496,signal,señal,0.5
1497,parlait,habló,0.25
1498,destin,destino,1.0
1499,marre,harto,0.3333333333333333
1500,français,francés,0.6666666666666666
1501,princesse,princesa,0.8333333333333334
1502,paie,pagar,0.3333333333333333
1503,foi,fe,1.0
1504,chier,echar un basurero,0.3
1505,dois-je,debería,0.25
1506,présence,presencia,0.8333333333333334
1507,doigts,dedos,0.5
1508,partenaire,pareja,0.4
1509,quelles,qué,0.25
1510,daniel,daniel,1.0
1511,préféré,prefiere,0.5714285714285714
1512,adieu,adiós,0.3333333333333333
1513,costume,traje,0.0
1514,entreprise,empresa,0.5
1515,utile,útil,0.6666666666666666
1516,calme-toi,cálmate,0.6
1517,lien,enlace,0.3333333333333333
1518,unique,unico,0.5
1519,appartient,pertenece,0.6666666666666666
1520,attendant,esperando,0.16666666666666666
1521,amené,traer,0.0
1522,moindre,menor,0.75
1523,quels,qué,0.3333333333333333
1524,amener,traer,0.3333333333333333
1525,amène,traer,0.0
1526,enfoiré,hijo de puta,0.0
1527,recherches,investigar,0.0
1528,discours,discurso,1.0
1529,données,datos,0.4
1530,robert,roberto,1.0
1531,art,arte,1.0
1532,appelles,llamar,0.2
1533,salaud,bastardo,0.4
1534,penses-tu,tu crees,0.0
1535,magie,magia,1.0
1536,bouteille,botella,1.0
1537,justement,exactamente,0.6666666666666666
1538,raconter,decir,0.4
1539,rapidement,rápidamente,0.8571428571428571
1540,bref,corto,0.3333333333333333
1541,tribunal,tribunal,1.0
1542,viendra,vendrá,0.8
1543,passée,pasado,0.5
1544,superbe,impresionante,0.2857142857142857
1545,pourrai,pudo,0.3333333333333333
1546,pièces,monedas,0.25
1547,certaine,cierto,0.75
1548,obligé,obligatorio,0.6
1549,formidable,enorme,0.3333333333333333
1550,pause,pausa,1.0
1551,identité,identificar,0.5
1552,campagne,país,0.2
1553,lee,sotavento,0.0
1554,couper,cortar,0.5
1555,mark,marcos,0.5
1556,morceau,pieza,0.0
1557,os,hueso,0.5
1558,lettres,letras,0.8
1559,nombre,número,0.5
1560,intelligent,inteligente,0.8571428571428571
1561,gâteau,pastel,0.25
1562,dépend,depende,0.8
1563,job,trabajo,0.25
1564,jeux,juegos,0.3333333333333333
1565,compter,contar,0.6
1566,cou,cuello,0.3333333333333333
1567,of,de,0.0
1568,reprendre,retomar,0.3333333333333333
1569,joie,alegría,0.0
1570,agents,oficiales,0.25
1571,gardes,guardias,1.0
1572,star,estrella,0.6
1573,regard,vistazo,0.0
1574,demandez,pedir,0.2
1575,balles,pelotas,0.5
1576,vendu,vendido,0.75
1577,majesté,majestad,0.8
1578,menace,amenaza,0.6666666666666666
1579,malgré,a pesar de,0.16666666666666666
1580,appareil,dispositivo,0.16666666666666666
1581,demandais,estaba preguntando,0.09090909090909091
1582,là-haut,allí arriba,0.14285714285714285
1583,privé,privado,0.75
1584,adam,adán,0.3333333333333333
1585,forces,fortalezas,0.5
1586,fonctionne,obras,0.0
1587,méchant,malo,0.16666666666666666
1588,jambe,pierna,0.0
1589,empreintes,huellas dactilares,0.18181818181818182
1590,ange,ángel,0.5
1591,agir,actuar,0.3333333333333333
1592,noire,negro,0.6666666666666666
1593,imbécile,imbécil,1.0
1594,gentille,amable,0.2
1595,labo,laboratorio,0.4
1596,résultats,resultados,0.7142857142857143
1597,toi-même,tu mismo,0.6
1598,cinéma,cine,0.5
1599,nouvel,nuevo,0.6666666666666666
1600,malheureusement,desgraciadamente,0.4444444444444444
1601,décider,decidir,0.8
1602,né,nacido,0.3333333333333333
1603,importante,importante,1.0
1604,voulons,querer,0.0
1605,détruit,destruir,0.6
1606,parfaitement,perfectamente,0.875
1607,martin,martín,0.8
1608,produit,producto,0.8
1609,réparer,reparar,0.8
1610,chapeau,sombrero,0.0
1611,gérer,administrar,0.2857142857142857
1612,écoute-moi,escúchame,0.3333333333333333
1613,adn,adn,1.0
1614,échange,intercambio,0.0
1615,mince,delgada,0.0
1616,bougez,muevete,0.0
1617,parfaite,perfecto,0.8
1618,meurt,muere,0.6666666666666666
1619,fout,folla,0.3333333333333333
1620,vitesse,velocidad,0.2
1621,fermé,granja,0.25
1622,succès,pegar,0.0
1623,au-dessus,encima,0.0
1624,etre,estar,0.6666666666666666
1625,souvenirs,recuerdos,0.2
1626,comprend,comprender,0.8571428571428571
1627,odeur,olor,0.5
1628,pain,pan de molde,0.25
1629,falloir,necesitar,0.2
1630,aise,fácil,0.0
1631,caché,oculto,0.25
1632,règle,regla,0.75
1633,imaginer,imaginar,1.0
1634,raconte,relata,0.5
1635,vus,visto,0.6666666666666666
1636,accepté,aceptado,0.6
1637,trouvée,fundar,0.0
1638,dors,dormir,0.5
1639,celui-ci,éste,0.0
1640,ministre,ministro,1.0
1641,infos,información,0.2857142857142857
1642,vendredi,viernes,0.2
1643,voitures,coches,0.25
1644,lever,elevar,1.0
1645,arbre,árbol,0.5
1646,maire,alcalde,0.0
1647,faveur,favor,1.0
1648,pourraient,pudo,0.2
1649,prendra,tomará,0.0
1650,surpris,sorprendido,0.5714285714285714
1651,jeté,yo te,0.0
1652,également,además,0.16666666666666666
1653,fac,colega,0.0
1654,apporter,traer,0.4
1655,washington,washington,1.0
1656,champ,campo,0.75
1657,peut-on,podemos,0.25
1658,comptes,cuentas,0.6
1659,échapper,escapar,0.5
1660,valeur,valor,1.0
1661,in,en,1.0
1662,réel,real,0.6666666666666666
1663,couverture,cubrir,0.6
1664,million,millón,0.8
1665,article,artículo,0.8
1666,doux,suave,0.0
1667,parc,parque,0.6666666666666666
1668,toit,techo,0.3333333333333333
1669,unité,unidad,0.3333333333333333
1670,resté,descansar,0.16666666666666666
1671,plage,playa,0.6666666666666666
1672,partager,"compartir, repartir",0.3076923076923077
1673,malin,inteligente,0.3333333333333333
1674,recevoir,recibir,0.75
1675,inquiétez,preocuparse,0.0
1676,attendu,esperado,0.25
1677,charles,charles,1.0
1678,coffre,cofre,0.75
1679,uh,oh,1.0
1680,eddie,eddie,1.0
1681,chris,cris,0.75
1682,celle-là,aquella,0.3333333333333333
1683,ramène,devuelvelas,0.0
1684,mode,moda,1.0
1685,folie,locura,0.0
1686,extérieur,exterior,0.8
1687,van,camioneta,0.25
1688,membre,miembro,1.0
1689,prévenir,prevenir,0.8333333333333334
1690,cache,oculto,0.3333333333333333
1691,inquiéter,preocuparse,0.16666666666666666
1692,hasard,casualidad,0.4
1693,concerne,preocupado,0.2
1694,réponds,responder,0.6666666666666666
1695,génie,genio,0.6666666666666666
1696,parlais,estaba hablando,0.1111111111111111
1697,parlons,hablemos,0.4
1698,jardin,jardín,0.8
1699,saison,temporada,0.0
1700,montré,reloj,0.0
1701,frappe,golpeado,0.25
1702,enchanté,encantada,0.6666666666666666
1703,gosses,niños,0.25
1704,abandonner,abandonar,0.8333333333333334
1705,assure,asegura,0.6666666666666666
1706,apporte,trajo,0.25
1707,prépare,preparado,0.6
1708,mètres,metros,0.8
1709,suivant,próximo,0.0
1710,souhaite,deseo,0.0
1711,services,servicios,1.0
1712,ouest,oeste,1.0
1713,va-t',cómo estás,0.125
1714,poids,peso,0.6666666666666666
1715,poche,escalfado,0.2
1716,faisant,haciendo,0.25
1717,répondu,contestada,0.16666666666666666
1718,directement,directamente,1.0
1719,source,fuente,0.0
1720,france,francia,1.0
1721,créer,crear,0.75
1722,samedi,sábado,0.5
1723,aidez-moi,ayúdame,0.25
1724,univers,universo,1.0
1725,saura,sabrá,0.5
1726,réalisé,comprendió,0.0
1727,américains,americano,0.6666666666666666
1728,perds,perder,0.75
1729,membres,miembros,1.0
1730,viande,carne,0.0
1731,o',oh,0.0
1732,bobby,poli,0.0
1733,sont-ils,son ellos,0.6666666666666666
1734,crois-moi,créeme,0.6
1735,amoureuse,enamorado,0.5
1736,grandes,largo,0.2
1737,changement,cambio,0.2857142857142857
1738,compliqué,complicado,0.6666666666666666
1739,bal,pelota,0.3333333333333333
1740,page,página,0.5
1741,conduit,guías,0.0
1742,passage,paso,0.5
1743,piège,trampa,0.0
1744,kevin,kevin,1.0
1745,ressens,sentir,0.2
1746,accepte,aceptado,0.5
1747,grace,gracia,1.0
1748,fais-le,hazlo,0.25
1749,amusant,divertida,0.2
1750,dan,dan,1.0
1751,donnez,dar,0.25
1752,traces,pistas,0.25
1753,trésor,tesoro,0.6
1754,explique,explique,1.0
1755,fesses,nalgas,0.25
1756,perte,pérdida,0.4
1757,fantôme,fantasma,0.8
1758,naissance,nacimiento,0.4
1759,retraite,jubilado,0.0
1760,regardes,mira,0.2
1761,franchement,francamente,0.875
1762,côtés,lados,0.2
1763,larry,larry,1.0
1764,étranger,extranjero,0.6666666666666666
1765,poulet,pollo,0.6666666666666666
1766,vienne,venir,0.6666666666666666
1767,débarrasser,librar,0.375
1768,enlève,quitar,0.0
1769,marque,marca,0.6666666666666666
1770,mens,mentir,0.5
1771,fantastique,fantástico,0.7142857142857143
1772,cent,ciento,1.0
1773,beaux,hermosos,0.0
1774,entendez,oír,0.0
1775,ouverte,abrió,0.3333333333333333
1776,bâtiment,edificio,0.0
1777,a-t-elle,ella ha,0.0
1778,devrions,debería,0.4
1779,embrasser,besar,0.5
1780,tombée,caído,0.0
1781,manquer,faltar,0.25
1782,entré,entre,0.75
1783,san,sin que,0.5
1784,chevaux,caballos,0.2
1785,habite,residir,0.0
1786,animal,animal,1.0
1787,fatigué,cansado,0.0
1788,heureusement,por suerte,0.3333333333333333
1789,billets,entradas,0.2
1790,convaincre,convencer,1.0
1791,appelait,estaba llamando,0.1111111111111111
1792,rachel,raquel,0.5
1793,paradis,cielo,0.0
1794,émission,emisión,0.6
1795,lance,lanza,0.6666666666666666
1796,nettoyer,limpiar,0.2
1797,file,cola,0.5
1798,dimanche,domingo,0.6
1799,agréable,agradable,0.8
1800,plans,planos,1.0
1801,conscience,conciencia,0.8333333333333334
1802,ennemis,enemigos,0.5
1803,disant,dicho,0.25
1804,connaissance,conocimiento,0.42857142857142855
1805,douce,amable,0.0
1806,belles,hermosas,0.2
1807,sentiment,sentimiento,1.0
1808,bataille,batalla,1.0
1809,perd,perder,0.75
1810,pourrez,pueden,0.25
1811,relations,relaciones,0.8
1812,espérais,esperado,0.6
1813,fais-moi,hazme,0.25
1814,vôtre,su,0.0
1815,servi,servido,0.75
1816,souci,preocuparse,0.16666666666666666
1817,note,nota,1.0
1818,doigt,dedo,0.3333333333333333
1819,mensonge,mintiendo,0.6
1820,volonté,voluntad,0.8
1821,walter,walter,1.0
1822,victoire,victoria,1.0
1823,direct,directo,1.0
1824,abandonné,abandonado,0.6666666666666666
1825,information,información,0.7142857142857143
1826,joindre,unirse,0.25
1827,proches,parientes,0.6
1828,brian,brian,1.0
1829,droits,derechos,0.6
1830,eric,eric,1.0
1831,nerveux,nervioso,0.75
1832,coupé,corte,0.3333333333333333
1833,patients,pacientes,0.8
1834,invités,huéspedes,0.16666666666666666
1835,arrivés,llegado,0.0
1836,descends,bajar,0.0
1837,pleure,llorar,0.5
1838,traitement,tratamiento,1.0
1839,jerry,alemán,0.0
1840,senti,sintió,0.75
1841,cancer,cáncer,0.8
1842,répète,decir de nuevo,0.125
1843,reposer,descansar,0.3333333333333333
1844,regrette,lamentado,0.2
1845,aide-moi,ayudame,0.3333333333333333
1846,flingue,pistola,0.0
1847,cousin,primo,0.0
1848,désormais,de aquí en adelante,0.09090909090909091
1849,vérifié,comprobado,0.16666666666666666
1850,crains,miedo,0.0
1851,douche,ducha,1.0
1852,gaz,gas,0.5
1853,interdit,prohibido,0.0
1854,théorie,teoría,0.25
1855,scott,scott,1.0
1856,trace,rastro,0.25
1857,contrôler,controlar,0.8571428571428571
1858,signer,señal,0.25
1859,no,no,1.0
1860,demandes,peticiones,0.2
1861,internet,internet,1.0
1862,andy,andy,1.0
1863,cherchez,buscar,0.16666666666666666
1864,salon,sala de estar,0.25
1865,pete,pedo,0.5
1866,appels,llamadas,0.2
1867,lancer,lanzar,0.75
1868,protection,proteccion,0.8333333333333334
1869,pantalon,pantalones,0.8333333333333334
1870,rappelles,recordar,0.16666666666666666
1871,dossiers,carpetas,0.2
1872,style,estilo,0.75
1873,ravie,contento,0.0
1874,semblant,fingir,0.0
1875,yeah,sí,0.0
1876,kim,kim,1.0
1877,offert,libre,0.25
1878,vieil,antiguo,0.0
1879,humaine,humano,1.0
1880,grandi,creciendo,0.6
1881,médicaments,medicamentos,0.875
1882,acte,escritura,0.4
1883,moyens,medio,0.25
1884,lois,leyes,0.6666666666666666
1885,kate,kate,1.0
1886,meurs,morir,0.6666666666666666
1887,laisserai,se ira,0.5
1888,aéroport,aeropuerto,0.8
1889,mauvaises,malo,0.25
1890,détective,detective,0.8333333333333334
1891,autrement,otro,0.4
1892,témoins,testigos,0.4
1893,queue,cola,0.0
1894,coincé,atascado,0.25
1895,mariés,casado,0.0
1896,sonne,anillos,0.0
1897,innocent,inocente,0.8
1898,dira,diría,0.6666666666666666
1899,créé,creado,0.5
1900,jason,jason,1.0
1901,supporter,apoyo,0.16666666666666666
1902,milliers,miles,0.6
1903,heu,oh,1.0
1904,infirmière,enfermera,0.8333333333333334
1905,métier,trabajo,0.0
1906,crétin,imbécil,0.2
1907,retirer,retirar,1.0
1908,surveillance,vigilancia,0.5714285714285714
1909,chances,posibilidades,0.14285714285714285
1910,oreilles,orejas,0.5
1911,trouvera,encontrará,0.2857142857142857
1912,suicide,suicidio,1.0
1913,militaire,militar,1.0
1914,atteindre,alcanzar,0.4
1915,fuir,huir,0.5
1916,casse,roto,0.0
1917,dormi,dormido,0.75
1918,pilote,piloto,1.0
1919,rires,la risa,0.5
1920,appelée,llamó,0.0
1921,risques,riesgos,0.75
1922,leçon,lección,0.4
1923,paquet,paquete,1.0
1924,man,hombre,0.25
1925,défendre,defender,0.8333333333333334
1926,immeuble,edificio,0.0
1927,récemment,recientemente,0.5714285714285714
1928,chinois,chino,0.75
1929,battu,vencido,0.0
1930,aveugle,ciego,0.3333333333333333
1931,oiseau,pájaro,0.0
1932,propriétaire,dueño,0.0
1933,ancienne,antiguo,0.25
1934,veste,chaqueta,0.25
1935,anna,ana,0.5
1936,simon,simón,0.75
1937,saviez,sabías,0.25
1938,amies,amigos,0.6666666666666666
1939,cherché,buscar,0.16666666666666666
1940,tirez,jalar,0.0
1941,al,allá,0.3333333333333333
1942,différents,diferentes,0.75
1943,gardez,mantener,0.0
1944,feras,servirá,0.2
1945,lisa,lisa,1.0
1946,lis,lirio,0.5
1947,station,estación,0.6
1948,mandat,mandato,1.0
1949,assassin,asesino,0.6
1950,thomas,tomas,0.75
1951,célèbre,famoso,0.0
1952,dort,dormido,0.5
1953,bague,anillo,0.0
1954,dépêche-toi,date prisa,0.125
1955,tente,intentó,0.6
1956,devenue,convertirse en,0.2222222222222222
1957,ventre,estómago,0.0
1958,carter,caja del cigüeñal,0.09090909090909091
1959,respire,respirar,0.8
1960,haute,alto,0.5
1961,connaissais,supo,0.16666666666666666
1962,genoux,rodillas,0.0
1963,terme,término,0.6
1964,vert,verde,0.6666666666666666
1965,emily,emily,1.0
1966,refusé,rechazar,0.2
1967,hâte,apuro,0.0
1968,réveiller,despertarse,0.14285714285714285
1969,commande,ordenado,0.4
1970,commun,común,0.75
1971,souris,ratón,0.0
1972,partons,vamos,0.2
1973,perdue,perdió,0.75
1974,dirige,dirigido,0.75
1975,verras,veremos,0.75
1976,charmant,encantador,0.0
1977,chante,cantado,0.5
1978,sport,deporte,0.75
1979,celle-ci,esta,0.0
1980,viré,encendido,0.0
1981,ies,es,1.0
1982,fiston,hijo,0.0
1983,étoiles,estrellas,0.5
1984,laisses,correas,0.25
1985,parlant,discurso,0.0
1986,là-dessus,en eso,0.14285714285714285
1987,signé,signo,0.75
1988,virer,fuego,0.0
1989,permettre,permitir,0.8333333333333334
1990,pouvoirs,potestades,0.3333333333333333
1991,luke,lucas,0.3333333333333333
1992,pluie,lluvia,0.3333333333333333
1993,passez,pasar,0.5
1994,vrais,verdadero,0.4
1995,enlevé,remoto,0.0
1996,moments,momentos,1.0
1997,blesser,herir,0.2
1998,ombre,sombra,0.75
1999,rome,roma,1.0
