,spanish,french,Distances
0,si,oui,0.0
1,bien,bien,1.0
2,aquí,ici,0.0
3,ahora,à présent,0.125
4,así,alors,0.0
5,vamos,nous allons,0.14285714285714285
6,bueno,bon,1.0
7,sé,il,0.0
8,cómo,quoi,0.0
9,ser,être,0.3333333333333333
10,puedo,est-ce-que je peux,0.09090909090909091
11,quiero,je veux,0.0
12,hacer,fais,0.0
13,gracias,merci,0.5
14,vez,fois,0.0
15,sólo,seul,0.6666666666666666
16,creo,je pense,0.0
17,voy,j'y vais,0.16666666666666666
18,sabes,vous connaissez,0.2222222222222222
19,puede,il peut,0.25
20,usted,tu,0.3333333333333333
21,entonces,ensuite,0.2
22,hola,salut,0.3333333333333333
23,solo,seul,1.0
24,verdad,vérité,0.4
25,casa,maison,0.3333333333333333
26,tan,alors,0.0
27,quién,qui,0.3333333333333333
28,tiempo,météo,0.0
29,dos,deux,0.5
30,nunca,jamais,0.0
31,dónde,où,0.0
32,va,se rend,0.0
33,oh,oh,1.0
34,favor,favoriser,0.6
35,quieres,tu veux,0.0
36,siento,je me sens,0.2857142857142857
37,señor,monsieur,0.25
38,mejor,mieux,0.3333333333333333
39,hace,est-ce que,0.16666666666666666
40,decir,raconter,0.4
41,dios,dieu,0.5
42,puedes,tu peux,0.0
43,ver,regarder,0.2
44,hombre,hommes,0.5
45,vida,la vie,0.0
46,alguien,quelqu'un,0.4
47,cosas,choses,0.75
48,siempre,toujours,0.0
49,ahí,là,0.0
50,ir,aller,0.3333333333333333
51,años,années,0.25
52,día,jour,0.0
53,noche,nuit,0.3333333333333333
54,hecho,fait,0.0
55,acuerdo,accord,0.75
56,trabajo,travaillé,0.3333333333333333
57,parece,il semble,0.0
58,gente,personnes,0.16666666666666666
59,padre,papa,0.3333333333333333
60,mira,voir,0.5
61,mismo,même,0.6666666666666666
62,dijo,a dit,0.3333333333333333
63,nadie,personne,0.2
64,quiere,veut,0.0
65,podría,pourrait,0.5
66,hablar,parler,0.5
67,vas,tu vas,0.5
68,sr.,m.,0.3333333333333333
69,tal,tel,1.0
70,pasa,arrive,0.0
71,después,après,0.2
72,dinero,argent,0.25
73,mundo,monde,1.0
74,claro,bien sûr,0.16666666666666666
75,momento,moment,1.0
76,tener,avoir,0.3333333333333333
77,mañana,matin,0.6666666666666666
78,madre,mère,0.6666666666666666
79,vale,bien,0.0
80,lugar,place,0.0
81,haciendo,fabrication,0.16666666666666666
82,seguro,assurance,0.4
83,sabe,sait,0.5
84,podemos,pouvons,0.5
85,espera,attendez,0.0
86,nuevo,nouveau,1.0
87,sido,a été,0.0
88,cosa,des trucs,0.2857142857142857
89,hijo,fils,0.0
90,allí,là bas,0.2
91,menos,moins,1.0
92,tipo,type,0.6666666666666666
93,amigo,mec,0.5
94,gran,génial,0.5
95,mujer,femme,0.0
96,mamá,maman,0.6666666666666666
97,luego,alors,0.3333333333333333
98,papá,père,0.3333333333333333
99,días,jours,0.3333333333333333
100,dice,il dit,0.25
101,hoy,aujourd'hui,0.0
102,tres,trois,1.0
103,buena,bonne,0.6666666666666666
104,necesito,nécessaire,0.5
105,dije,a dit,0.3333333333333333
106,oye,entend,0.0
107,gusta,comme,0.0
108,quería,recherché,0.14285714285714285
109,haber,avoir,0.3333333333333333
110,parte,partie,1.0
111,todas,toutes,0.6666666666666666
112,crees,penses-tu,0.16666666666666666
113,buen,bien,1.0
114,conmigo,avec moi,0.25
115,nombre,nom,0.5
116,mierda,merde,1.0
117,mal,mauvais,0.3333333333333333
118,debe,devoir,0.3333333333333333
119,realmente,réellement,0.7142857142857143
120,aún,même,0.0
121,toda,tout,0.5
122,hacerlo,fais le,0.25
123,cada,chaque,0.3333333333333333
124,visto,vu,0.3333333333333333
125,importa,question,0.0
126,contigo,avec vous,0.2
127,razón,raison,0.5
128,alguna,quelque,0.0
129,saber,à savoir,0.4
130,hizo,fabriqué,0.0
131,veces,fois,0.3333333333333333
132,serio,sérieux,0.5
133,ven,viens,0.6666666666666666
134,idea,idée,0.5
135,eh,hé,0.5
136,tarde,après midi,0.2857142857142857
137,problema,problème,0.8333333333333334
138,hora,heure,1.0
139,cierto,certain,0.75
140,dicho,en disant,0.16666666666666666
141,demasiado,aussi,0.25
142,amor,amour,1.0
143,ve,aller,0.0
144,pasado,passé,0.5
145,familia,famille,0.75
146,policía,policier,0.75
147,debería,devrait,0.5
148,ustedes,ton,0.25
149,chica,fille,0.0
150,chicos,garçons,0.2
151,cuenta,compte,0.5
152,haces,tu fais,0.25
153,todavía,encore,0.0
154,salir,sortir,0.5
155,algún,quelques,0.0
156,vaya,wow,0.0
157,veo,je vois,0.25
158,amigos,copains,0.25
159,hermano,frère,0.25
160,pensé,je pensais,0.5
161,sabía,je savais,0.2
162,cabeza,tête,0.0
163,ah,oh,1.0
164,cariño,affection,0.2
165,digo,dire,0.5
166,van,aller,0.0
167,hombres,pour des hommes,0.2
168,buenas,bien,0.6666666666666666
169,cualquier,n'importe quel,0.1111111111111111
170,forma,formulaire,0.6
171,mientras,alors que,0.0
172,lado,côté,0.0
173,debo,je vais,0.0
174,caso,cas,1.0
175,pueden,ils peuvent,0.2857142857142857
176,pasó,je passe,0.4
177,primera,première,0.8
178,genial,brillant,0.16666666666666666
179,chico,garçon,0.0
180,supuesto,censé,0.25
181,hice,je l'ai fait,0.0
182,pues,bien,0.0
183,adiós,adieu,0.3333333333333333
184,muchas,de nombreux,0.14285714285714285
185,personas,personnes,0.8333333333333334
186,señora,madame,0.0
187,volver,revenir,0.25
188,quizá,peut être,0.0
189,camino,route,0.0
190,hablando,en parlant,0.2857142857142857
191,manera,façon,0.0
192,muerto,morte,1.0
193,persona,la personne,0.5714285714285714
194,rápido,rapide,0.75
195,cuál,qui,0.0
196,ayuda,aide,0.5
197,historia,l'histoire,0.6666666666666666
198,iba,j'allais,0.0
199,supongo,je suppose,0.3333333333333333
200,nueva,nouveau,1.0
201,entiendo,je comprends,0.2222222222222222
202,dentro,dans,0.5
203,casi,presque,0.25
204,puerta,portail,0.75
205,ves,vous voyez,0.3333333333333333
206,pasar,passer,0.75
207,primero,premier,1.0
208,significa,ça veut dire,0.0
209,semana,la semaine,0.6
210,hacia,envers,0.0
211,quizás,peut être,0.0
212,espero,attendez,0.0
213,juntos,ensemble,0.0
214,año,an,0.0
215,niños,des gamins,0.14285714285714285
216,pronto,tôt,0.25
217,tío,l'oncle,0.0
218,suerte,chance,0.0
219,ciudad,ville,0.0
220,siquiera,même,0.0
221,feliz,heureux,0.0
222,venir,venir,1.0
223,hija,la fille,0.0
224,gustaría,aimerait,0.2
225,minutos,minutes,1.0
226,cuánto,combien,0.25
227,hey,hé,0.5
228,muerte,décès,0.0
229,dejar,laisser,0.25
230,realidad,réalité,0.4
231,deja,laisser,0.0
232,problemas,problèmes,0.8571428571428571
233,vi,vu,1.0
234,da,donne,0.3333333333333333
235,importante,important,1.0
236,dijiste,a dit,0.25
237,corazón,coeur,0.4
238,miedo,craindre,0.2
239,jefe,chef,0.3333333333333333
240,agua,eau,0.0
241,haré,je ferai,0.0
242,justo,juste,1.0
243,horas,heures,1.0
244,poder,pouvoir,0.6666666666666666
245,buenos,bons,1.0
246,esposa,épouse,0.6666666666666666
247,manos,mains,1.0
248,debes,tu devrais,0.3333333333333333
249,viene,vient,0.6666666666666666
250,venga,allez,0.0
251,ojos,les yeux,0.2
252,adelante,avant,0.5
253,encontrar,trouver,0.3333333333333333
254,mano,main,1.0
255,cinco,cinq,0.6666666666666666
256,niño,petit garçon,0.0
257,ninguna,rien,0.25
258,cara,visage,0.0
259,cuidado,fais attention,0.0
260,bajo,bas,0.5
261,cerca,proche,0.5
262,viejo,agé de,0.0
263,déjame,laisse moi,0.2
264,noches,nuits,0.5
265,bastante,assez,0.2
266,fin,terminer,0.2
267,tomar,prendre,0.2
268,único,unique,0.3333333333333333
269,misma,même,0.6666666666666666
270,escucha,ecoutez,0.25
271,ningún,rien,0.2
272,suficiente,suffisant,0.6666666666666666
273,punto,indiquer,0.0
274,cuándo,lorsque,0.0
275,sigue,suivre,0.3333333333333333
276,equipo,équipe,0.6666666666666666
277,grande,grand,1.0
278,necesita,a besoin de,0.16666666666666666
279,llegar,arriver,0.25
280,incluso,même,0.0
281,doctor,docteur,1.0
282,difícil,dur,0.2
283,aunque,même si,0.0
284,primer,première,0.8
285,coche,auto,0.0
286,hago,je fais,0.0
287,clase,classe,0.75
288,cuatro,quatre,0.6666666666666666
289,mas,plus,0.3333333333333333
290,dices,vous dites,0.3333333333333333
291,pequeño,peu,0.3333333333333333
292,llama,appelle,0.25
293,toma,prise,0.0
294,hiciste,a fait,0.25
295,allá,là,0.3333333333333333
296,última,dernière,0.0
297,arriba,en haut,0.0
298,tierra,terre,1.0
299,guerra,guerre,1.0
300,pensar,penser,1.0
301,pueda,boîte,0.0
302,igual,égal,0.6666666666666666
303,loco,fou,0.0
304,sangre,du sang,0.4
305,mujeres,femmes,0.25
306,vuelta,tour,0.0
307,trabajar,travailler,0.5
308,juego,jouer,0.5
309,deberías,tu devrais,0.3333333333333333
310,cuerpo,corps,0.75
311,entrar,montez,0.25
312,cree,croire,0.6666666666666666
313,podía,pourrait,0.25
314,debemos,devoir,0.25
315,oportunidad,chance,0.16666666666666666
316,teléfono,téléphone,0.5714285714285714
317,necesitamos,besoin,0.16666666666666666
318,final,final,1.0
319,listo,intelligent,0.2857142857142857
320,fiesta,faire la fête,0.25
321,quieren,vouloir,0.0
322,vete,s'en aller,0.0
323,auto,auto,1.0
324,dar,pour donner,0.2857142857142857
325,vivir,vivre,1.0
326,posible,possible,0.8
327,ok,d'accord,0.0
328,hermana,sœur,0.0
329,número,le numéro,0.3333333333333333
330,meses,mois,0.6666666666666666
331,exactamente,exactement,1.0
332,culpa,défaut,0.0
333,abajo,vers le bas,0.125
334,escuela,école,0.6666666666666666
335,ido,disparu,0.25
336,fuerte,fort,1.0
337,diciendo,en disant,0.3333333333333333
338,habla,parole,0.3333333333333333
339,ello,ce,0.0
340,pregunta,question,0.2
341,chicas,les filles,0.14285714285714285
342,unas,clou,0.0
343,pasando,aller,0.0
344,atrás,derrière,0.2
345,malo,mal,1.0
346,capitán,capitaine,0.8
347,sra.,madame,0.0
348,bebé,bébé,0.75
349,segundo,deuxième,0.0
350,sabemos,nous savons,0.2857142857142857
351,mayor,âgé,0.0
352,comida,aliments,0.2
353,morir,mourir,1.0
354,conozco,connaître,0.3333333333333333
355,dame,donne moi,0.4
356,fácil,facile,0.75
357,comer,manger,0.25
358,vino,est venu,0.4
359,lista,prêt,0.25
360,haga,fabriquer,0.0
361,necesitas,vous avez besoin,0.1111111111111111
362,hijos,fils,0.3333333333333333
363,probablemente,probablement,1.0
364,padres,les pères,0.42857142857142855
365,habitación,chambre,0.0
366,creer,croire,1.0
367,pensando,en pensant,0.5714285714285714
368,dime,dites-moi,0.4
369,trata,sur,0.3333333333333333
370,buscando,recherche,0.0
371,tampoco,soit,0.0
372,amo,aimer,0.5
373,joven,un jeune homme,0.125
374,podrías,pouvez-vous,0.3333333333333333
375,sola,seul,1.0
376,par,paire,1.0
377,única,seulement,0.2
378,hacen,fabriquer,0.0
379,seguir,continuez,0.0
380,dr.,docteur,0.25
381,simplemente,simplement,1.0
382,dicen,ils disent,0.2857142857142857
383,medio,moyen,0.3333333333333333
384,puta,chienne,0.0
385,saben,connaître,0.16666666666666666
386,hagas,tu fais,0.25
387,segura,sûr,0.6666666666666666
388,esperar,attendre à,0.14285714285714285
389,lejos,loin,0.3333333333333333
390,arma,arme,1.0
391,alto,haut,0.5
392,pequeña,petite,0.3333333333333333
393,dólares,dollars,0.8
394,seis,six,0.5
395,seguridad,sécurité,0.3333333333333333
396,maldita,zut,0.25
397,preocupes,inquiétude,0.0
398,palabra,mot,0.0
399,esperando,espérer que,0.42857142857142855
400,queda,restes,0.0
401,oficina,bureau,0.0
402,matar,tuer,0.6666666666666666
403,iré,j'irai,0.0
404,cama,lit,0.0
405,además,en outre,0.0
406,último,dernier,0.0
407,oído,oreille,0.0
408,dio,ça a donné,0.14285714285714285
409,recuerdo,souvenir,0.0
410,siendo,étant,0.25
411,acerca,sur,0.3333333333333333
412,luz,lumière,0.25
413,correcto,c'est correct,0.5
414,ud.,tu.,0.5
415,demonios,démons,0.8
416,verte,te voir,0.25
417,dormir,dormir,1.0
418,sitio,place,0.0
419,ayudar,aider,0.6666666666666666
420,conseguir,obtenir,0.2
421,di,a donné,0.2
422,marido,mari,0.6666666666666666
423,paz,paix,0.5
424,idiota,bête,0.3333333333333333
425,plan,planifier,0.6
426,dado,dé,0.5
427,cuanto,combien,0.25
428,peor,pire,1.0
429,murió,il est mort,0.25
430,pueblo,village,0.25
431,vivo,direct,0.0
432,venido,je viens,0.4
433,john,john,1.0
434,basta,suffisant,0.3333333333333333
435,paso,marcher,0.0
436,deberíamos,nous devrions,0.25
437,música,musique,0.5
438,diga,dire,0.5
439,minuto,minute,1.0
440,anoche,la nuit dernière,0.1
441,llamar,appeler,0.25
442,piensa,pense,1.0
443,país,pays,0.6666666666666666
444,digas,vous dites,0.3333333333333333
445,rey,roi,0.5
446,perdón,pardon,0.8
447,mucha,beaucoup,0.3333333333333333
448,falta,manque,0.0
449,pienso,je pense,0.6
450,diablos,les diables,0.5714285714285714
451,perdido,perdu,0.75
452,niña,fille,0.0
453,señorita,mademoiselle,0.0
454,diez,dix,0.5
455,lleva,porte,0.0
456,hospital,hôpital,0.8
457,grandes,grands,1.0
458,maldito,damné,0.0
459,llamado,appelé,0.0
460,hacemos,nous faisons,0.14285714285714285
461,llevar,apporter,0.2
462,fuego,feu,0.5
463,aqui,ici,0.0
464,poner,"mettre, poser",0.2222222222222222
465,calle,rue,0.0
466,acaba,juste,0.0
467,prueba,test,0.0
468,increíble,incroyable,0.8333333333333334
469,real,réel,0.6666666666666666
470,libro,livre,0.6666666666666666
471,orden,ordre,0.6666666666666666
472,semanas,semaines,1.0
473,especial,spécial,0.8
474,café,café,1.0
475,duro,a duré,0.5
476,empezar,début,0.0
477,afuera,à l'extérieur,0.1111111111111111
478,queremos,nous voulons,0.14285714285714285
479,perro,chien,0.0
480,cielo,chérie,0.25
481,jack,jack,1.0
482,puesto,étal de marché,0.0
483,viaje,voyage,0.3333333333333333
484,detrás,derrière,0.4
485,cuarto,quatrième,0.2
486,querida,cher,0.0
487,haría,ferait,0.3333333333333333
488,preguntas,des questions,0.25
489,piensas,tu penses,0.6666666666666666
490,querido,cher,0.0
491,libre,libre,1.0
492,buscar,chercher,0.3333333333333333
493,diré,je dirai,0.25
494,suena,des sons,0.3333333333333333
495,jugar,jouer,0.6666666666666666
496,cambio,changement,0.2857142857142857
497,película,film,0.2
498,millones,des millions,0.625
499,llamada,appel,0.0
500,resto,le repos,0.2
501,vemos,nous voyons,0.2857142857142857
502,extraño,bizarre,0.25
503,mala,mal,1.0
504,presidente,président,0.8571428571428571
505,srta.,m / s.,0.16666666666666666
506,irme,s'en aller,0.0
507,ropa,vêtements,0.0
508,perder,perdre,1.0
509,vuelve,revenir,0.25
510,agente,agent,1.0
511,palabras,mots,0.2
512,información,informations,0.5714285714285714
513,raro,rare,1.0
514,hará,ça ira,0.0
515,entiendes,vous comprenez,0.0
516,éste,est,0.6666666666666666
517,trabajando,travail,0.3333333333333333
518,tratando,en essayant,0.14285714285714285
519,general,général,0.6666666666666666
520,trato,accord,0.25
521,usar,porter,0.25
522,perfecto,parfait,0.8
523,derecho,droit,0.5
524,modo,mode,1.0
525,ayer,hier,0.5
526,conoces,vous connaissez,0.3333333333333333
527,demás,le reste,0.2
528,quieras,vouloir,0.0
529,podríamos,nous pourrions,0.25
530,noticias,informations,0.42857142857142855
531,asesino,assassin,0.6
532,encontrado,trouvé,0.16666666666666666
533,control,contrôler,0.7142857142857143
534,odio,haine,0.0
535,frente,de face,0.0
536,sexo,sexe,1.0
537,decirle,raconter,0.2
538,divertido,drôle,0.4
539,armas,armes,1.0
540,recuerdas,rappelles toi,0.25
541,amiga,amie,0.5
542,grupo,groupe,1.0
543,asunto,aventure,0.5
544,acabo,terminé,0.0
545,mensaje,message,0.5
546,encima,sur,0.0
547,atención,attention,0.4
548,diferente,différent,0.7142857142857143
549,uh,euh,1.0
550,cállate,fermer,0.0
551,daño,dégâts,0.16666666666666666
552,sucede,arrive,0.0
553,cambiar,changer,0.4
554,siguiente,prochain,0.0
555,sino,par ailleurs,0.0
556,the,la,0.0
557,médico,médical,0.8
558,boca,bouche,0.6666666666666666
559,dejó,laisser,0.0
560,error,erreur,1.0
561,jamás,jamais,0.75
562,largo,long,0.6666666666666666
563,pena,peine,1.0
564,voz,voix,0.5
565,futuro,avenir,0.3333333333333333
566,secreto,secret,1.0
567,baño,bain,0.5
568,mil,mille,0.6666666666666666
569,decirte,te dire,0.0
570,sam,sam,1.0
571,pensaba,pensait,0.75
572,novia,petite amie,0.0
573,propia,posséder,0.16666666666666666
574,sueño,rêve,0.0
575,haz,fais,0.0
576,fuerza,force,0.6666666666666666
577,deben,devraient,0.4
578,supone,censé,0.0
579,ambos,les deux,0.0
580,ay,oh,0.0
581,encontré,j'ai trouvé,0.42857142857142855
582,vuelto,tourné,0.0
583,dolor,la douleur,0.6
584,dile,dit lui,0.5
585,encanta,aime,0.0
586,edad,âge,0.0
587,darle,donne lui,0.4
588,pie,le pied,0.25
589,negro,le noir,0.25
590,ganar,gain,0.6666666666666666
591,york,york,1.0
592,aire,air,1.0
593,lamento,complainte,0.5
594,verlo,le voir,0.25
595,asesinato,meurtre,0.0
596,vio,il a vu,0.25
597,adónde,où aller,0.0
598,llegado,arrivé,0.0
599,disculpe,pardon,0.0
600,s,s,1.0
601,cita,date,0.5
602,sistema,système,0.6666666666666666
603,gusto,goûter,0.5
604,pobre,pauvre,0.6666666666666666
605,negocio,entreprise,0.16666666666666666
606,mente,dérange,0.2
607,campo,campagne,0.6
608,mire,voir,0.5
609,situación,situation,0.6
610,tras,après,0.5
611,hotel,hôtel,0.75
612,funciona,œuvres,0.0
613,foto,photo,0.3333333333333333
614,abogado,avocat,0.0
615,loca,folle,0.3333333333333333
616,propio,soi même,0.0
617,alrededor,autour de,0.4
618,próxima,suivant,0.0
619,terminado,achevé,0.0
620,hablas,parler,0.25
621,pagar,payer,0.6666666666666666
622,mató,tué,0.3333333333333333
623,llamo,appelé,0.25
624,personal,personnel,0.8333333333333334
625,sientes,tu sens,0.4
626,ocurre,se produit,0.16666666666666666
627,ésta,est,0.6666666666666666
628,recuerda,rappelles toi,0.125
629,mitad,demi,0.0
630,quiera,vouloir,0.3333333333333333
631,pelo,les cheveux,0.0
632,viste,robes,0.0
633,oficial,officiel,0.75
634,llegó,j'arrive,0.0
635,compañía,compagnie,0.6
636,relación,relation,0.6
637,conoce,connu,0.6666666666666666
638,pase,arrive,0.0
639,montón,parcelle,0.0
640,mejores,haut,0.0
641,creí,je croyais,0.3333333333333333
642,cena,dîner,0.25
643,sentir,se sentir,0.6666666666666666
644,través,à travers,0.5714285714285714
645,accidente,accident,1.0
646,i,yo,0.0
647,caja,caisse,0.3333333333333333
648,tranquilo,calmes,0.0
649,bonito,beau,0.3333333333333333
650,asi,alors,0.3333333333333333
651,pudo,pourrait,0.25
652,vive,cela vit,0.2
653,vista,voir,0.3333333333333333
654,estúpido,stupide,0.8
655,línea,ligne,0.6666666666666666
656,caballeros,messieurs,0.3333333333333333
657,haremos,sera,0.25
658,dan,donner,0.5
659,quédate,rester,0.0
660,tienda,boutique,0.0
661,comprar,acheter,0.4
662,entendido,c'est compris,0.1
663,centro,centre,1.0
664,salvo,à l'exception,0.1111111111111111
665,mes,mois,1.0
666,joe,jo,1.0
667,sol,soleil,0.6666666666666666
668,tonto,bête,0.3333333333333333
669,hambre,faim,0.25
670,michael,michael,1.0
671,mesa,table,0.0
672,respuesta,réponse,0.4
673,completamente,totalement,0.5
674,david,david,1.0
675,carta,lettre,0.25
676,totalmente,totalement,1.0
677,imposible,impossible,0.8333333333333334
678,pruebas,essais,0.25
679,novio,copain,0.0
680,normal,ordinaire,0.0
681,gustan,ils aiment,0.3333333333333333
682,frank,franc,0.75
683,pude,je pourrais,0.16666666666666666
684,charlie,charly,0.8
685,traje,costume,0.0
686,dirección,adresse,0.3333333333333333
687,siete,sept,0.6666666666666666
688,dijeron,ils ont dit,0.125
689,placer,plaisir,0.75
690,barco,bateau,0.3333333333333333
691,blanco,blanc,1.0
692,tom,à m,0.3333333333333333
693,profesor,professeur,0.8333333333333334
694,servicio,service,1.0
695,muchacho,jeune gars,0.0
696,reunión,rencontre,0.5
697,dejado,la gauche,0.0
698,ley,droit,0.0
699,quisiera,je voudrais,0.16666666666666666
700,george,george,1.0
701,programa,programme,0.8333333333333334
702,carrera,course,0.5
703,cumpleaños,date d'anniversaire,0.09090909090909091
704,muchachos,les mecs,0.16666666666666666
705,culo,cul,1.0
706,canción,chanson,0.4
707,hermosa,belle,0.0
708,universidad,l'universitè,0.5
709,boda,mariage,0.0
710,decirme,dites-moi,0.4
711,cualquiera,n'importe quel,0.1111111111111111
712,hacía,envers,0.0
713,sala,salon,0.6666666666666666
714,llevo,usure,0.0
715,decisión,décision,0.6
716,espere,attendre,0.2
717,don,enfiler,0.0
718,necesario,nécessaire,0.6666666666666666
719,sal,le sel,0.5
720,entra,entre dans,0.42857142857142855
721,prisa,se ruer,0.25
722,carajo,merde,0.3333333333333333
723,embargo,embargo,1.0
724,interesante,intéressant,0.75
725,escuchar,ecoutez,0.2
726,abuela,grand-mère,0.0
727,hicieron,ils ont fabriqué,0.09090909090909091
728,detective,détective,0.8333333333333334
729,horrible,horrible,1.0
730,suelo,d'habitude je,0.0
731,fotos,photos,0.5
732,cárcel,prison,0.2
733,acá,ici,0.5
734,io,io,
735,mike,mike,1.0
736,siéntate,assis-toi,0.4
737,decía,il a dit,0.0
738,intentando,en essayant,0.2857142857142857
739,vámonos,allons-y,0.16666666666666666
740,maldición,zut,0.0
741,silencio,le silence,0.6666666666666666
742,muerta,morte,1.0
743,capaz,capable,0.5
744,salió,il est parti,0.125
745,club,club,1.0
746,terminar,finir,0.4
747,temo,je crains,0.0
748,broma,plaisanter,0.0
749,gobierno,gouvernement,0.42857142857142855
750,prometo,je promets,0.5714285714285714
751,cámara,caméra,0.5
752,media,demi,0.0
753,terrible,terrible,1.0
754,llamó,j'appelle,0.0
755,regalo,cadeau,0.0
756,amable,aimable,1.0
757,dulce,douce,0.6666666666666666
758,muertos,morte,0.75
759,querías,tu voulais,0.2
760,ataque,attaque,0.6666666666666666
761,das,nous voulons,0.14285714285714285
762,navidad,noël,0.25
763,negocios,entreprise,0.3333333333333333
764,pudiera,pourrait,0.5
765,ocho,huit,0.0
766,avión,avion,0.6666666666666666
767,investigación,rechercher,0.125
768,acabó,terminé,0.0
769,juro,je jure,0.5
770,mantener,tenir,0.6
771,ejército,armée,0.2
772,papel,papier,0.6666666666666666
773,partes,les pièces,0.2857142857142857
774,ten,ont,0.0
775,gracioso,drôle,0.25
776,diría,dirait,0.6666666666666666
777,principio,début,0.0
778,delante,devant de,0.5
779,teniente,lieutenant,0.8
780,deseo,désir,0.5
781,vayas,aller,0.0
782,nave,bateau,0.0
783,sale,sort,0.3333333333333333
784,basura,déchets,0.0
785,vine,est venu,0.4
786,contacto,contact,1.0
787,esposo,époux,0.3333333333333333
788,tren,former,0.25
789,encontramos,nous trouvons,0.5
790,dale,poursuivre,0.0
791,verdadero,réel,0.2
792,alma,âme,0.5
793,hazlo,fais le,0.25
794,disculpa,pardon,0.0
795,junto,ensemble,0.0
796,anda,aller,0.0
797,matrimonio,mariage,0.4
798,saberlo,connaître,0.0
799,locura,folie,0.0
800,oro,prié,0.3333333333333333
801,permiso,autorisation,0.2
802,director,directeur,1.0
803,peligro,danger,0.5
804,libertad,liberté,0.8
805,alegro,content,0.0
806,baja,court,0.0
807,derecha,droite,0.5
808,encuentra,trouver,0.2
809,pies,pieds,0.6666666666666666
810,segunda,deuxième,0.0
811,maravilloso,merveilleux,0.8333333333333334
812,espacio,espace,1.0
813,rato,un petit moment,0.1
814,abuelo,grand-père,0.0
815,esperaba,j'esperais,0.5
816,mirando,regarder,0.2
817,salud,santé,0.25
818,sorpresa,surprendre,0.5714285714285714
819,ninguno,rien,0.25
820,miren,voir,0.3333333333333333
821,triste,triste,1.0
822,aun,toujours,0.0
823,pensado,pensé,0.75
824,maestro,prof,0.0
825,según,selon,0.5
826,infierno,enfer,0.75
827,podrían,pourrait,0.4
828,tipos,les types,0.42857142857142855
829,tía,tante,0.3333333333333333
830,crimen,la criminalité,0.4444444444444444
831,conocido,connu,0.5
832,consejo,conseil,0.75
833,iglesia,église,0.75
834,intento,essayer,0.0
835,mayoría,plus,0.0
836,doy,donner,0.25
837,peter,pierre,0.6666666666666666
838,hicimos,nous faisions,0.14285714285714285
839,escena,scène,0.75
840,piso,appartement,0.14285714285714285
841,señal,pancarte,0.0
842,honor,honneur,0.75
843,llamas,appels,0.25
844,abre,s'ouvre,0.25
845,cerebro,cerveau,0.5
846,veras,tu verras,0.5
847,viendo,voyant,0.5
848,pone,des endroits,0.125
849,pregunto,je demande,0.16666666666666666
850,cocina,cuisine,0.6666666666666666
851,vestido,robe,0.0
852,inteligente,intelligent,0.8571428571428571
853,vieja,vieille,0.3333333333333333
854,caballo,cheval,0.5
855,vienen,ils viennent,0.375
856,vidas,des vies,0.2
857,bar,bar,1.0
858,corte,rechercher,0.2857142857142857
859,sucedió,passé,0.0
860,adentro,à l'intérieur,0.3333333333333333
861,drogas,drogues,1.0
862,enseguida,tout de suite,0.14285714285714285
863,busca,chercher,0.16666666666666666
864,agradable,agréable,0.8
865,carne,viande,0.0
866,parecía,ressemblait,0.0
867,departamento,département,0.875
868,lindo,mignon,0.25
869,mar,mer,1.0
870,duda,doute,0.5
871,edificio,imeuble,0.0
872,conocer,connaître,0.5
873,cargo,position,0.0
874,víctima,victime,0.8
875,luna,lune,1.0
876,energía,énergie,0.5
877,frío,froid,0.6666666666666666
878,hablo,a parlé,0.2
879,baile,danse,0.0
880,trabaja,œuvres,0.0
881,misión,mission,0.75
882,listos,prêt,0.0
883,ayudarte,t'aider,0.25
884,izquierda,gauche,0.0
885,paul,paul,1.0
886,beber,boire,0.6666666666666666
887,deje,pars,0.0
888,finalmente,finalement,1.0
889,simple,facile,0.25
890,daré,je donnerai,0.16666666666666666
891,sabías,le saviez-vous,0.25
892,puedas,tu peux,0.0
893,puso,mettre,0.0
894,creía,a cru,0.3333333333333333
895,regresar,rendre,0.4
896,llega,arrive,0.0
897,entender,comprendre,0.42857142857142855
898,mirar,regarder,0.4
899,sacar,enlever,0.25
900,cambiado,modifié,0.0
901,trae,apporte,0.25
902,hermoso,beau,0.0
903,opinión,opinion,0.75
904,verás,tu verras,0.5
905,linda,jolie,0.0
906,apenas,à peine,0.25
907,segundos,secondes,0.8
908,cerveza,bière,0.0
909,harás,vous ferez,0.0
910,creen,croire,0.6666666666666666
911,oír,écouter,0.25
912,cuántos,de nombreux,0.14285714285714285
913,hablado,parlé,0.25
914,hablamos,nous parlons,0.25
915,reina,reine,1.0
916,temprano,tôt,0.2
917,tema,thème,0.5
918,prisión,prison,0.8
919,porqué,parce que,0.4
920,vuelva,revenir,0.25
921,público,publique,0.6
922,ocurrió,c'est arrivé,0.3333333333333333
923,veré,je verrai,0.4
924,salvar,sauvegarder,0.3333333333333333
925,partido,match,0.0
926,bonita,belle,0.3333333333333333
927,joder,merde,0.0
928,causa,cause,1.0
929,caliente,chaud,0.25
930,sargento,sergent,1.0
931,cenar,le dîner,0.3333333333333333
932,compañero,collaborateur,0.2857142857142857
933,llevó,usure,0.0
934,banco,banque,0.6666666666666666
935,existe,ça existe,0.6
936,ben,bien,1.0
937,zona,zone,1.0
938,destino,destin,1.0
939,base,base,1.0
940,solía,habitué,0.0
941,cliente,client,1.0
942,irse,pars,0.6666666666666666
943,perra,chienne,0.0
944,james,james,1.0
945,encuentro,rencontre,0.8333333333333334
946,encontró,il a trouvé,0.2857142857142857
947,pelea,lutte,0.0
948,san,saint,0.6666666666666666
949,norte,nord,0.6666666666666666
950,quise,je voulais,0.2
951,coronel,colonel,0.75
952,apuesto,beau,0.0
953,peligroso,dangereux,0.4
954,viva,direct,0.0
955,max,maximum,0.5
956,vienes,tu viens,0.6
957,necesitan,ils ont besoin,0.2222222222222222
958,té,thé,0.6666666666666666
959,excepto,à l'exception,0.4444444444444444
960,juicio,jugement,0.2
961,podamos,nous pouvons,0.2857142857142857
962,llave,clé,0.3333333333333333
963,equivocado,mauvais,0.25
964,posición,position,0.6
965,trasero,arrière,0.5
966,irnos,s'en aller,0.14285714285714285
967,espalda,dos,0.0
968,excelente,excellent,0.8333333333333334
969,éxito,succès,0.0
970,modos,modes,1.0
971,ventana,la fenêtre,0.2857142857142857
972,veamos,voyons voir,0.2857142857142857
973,especie,espèces,0.6
974,diferencia,différence,0.7142857142857143
975,formas,formes,1.0
976,pedir,interroger,0.16666666666666666
977,últimos,dernier,0.0
978,escúchame,écoutez-moi,0.3333333333333333
979,ejemplo,exemple,0.75
980,ése,ce,0.0
981,radio,radio,1.0
982,lee,lis,0.5
983,calma,calmer,0.75
984,hogar,foyer,0.3333333333333333
985,volveré,je reviendrai,0.14285714285714285
986,fondo,contexte,0.2
987,humano,humain,1.0
988,henry,henri,0.75
989,tí,tu,0.5
990,iremos,nous irons,0.3333333333333333
991,unidos,uni,0.3333333333333333
992,jesús,jésus,0.5
993,planeta,planète,0.8
994,verme,regarde moi,0.3333333333333333
995,respecto,qui concerne,0.14285714285714285
996,regreso,revenir,0.25
997,debido,exigible,0.25
998,leer,lis,0.5
999,parar,arrêt,0.25
1000,lleno,plein,0.6666666666666666
1001,dejé,pars,0.0
1002,respeto,respect,0.8
1003,debajo,en dessous de,0.125
1004,harry,harry,1.0
1005,escribir,écrire,0.6
1006,estación,station,0.6
1007,pidió,a demandé,0.16666666666666666
1008,alta,haute,0.5
1009,pista,indice,0.0
1010,estrella,etoile,0.4
1011,enfermo,malade,0.0
1012,duele,fait mal,0.2
1013,sueños,rêves,0.25
1014,veremos,on verra,0.2
1015,miles,milliers,0.6
1016,darme,donne-moi,0.4
1017,órdenes,ordres,0.6
1018,ocupado,occupé,0.5
1019,sigues,es-tu encore,0.14285714285714285
1020,corre,court,0.6666666666666666
1021,podido,j'ai,0.0
1022,dejes,laisser,0.25
1023,nivel,niveau,0.6666666666666666
1024,experiencia,vivre,0.2
1025,darte,pour te donner,0.2222222222222222
1026,salida,sortir,0.25
1027,decirlo,dis-le,0.5
1028,confiar,confiance,0.6
1029,hacerte,te faire,0.0
1030,necesitaba,nécessaire,0.5
1031,hermanos,frères,0.4
1032,zapatos,des chaussures,0.1111111111111111
1033,color,couleur,1.0
1034,vistazo,coup d'œil,0.0
1035,nena,poussin,0.25
1036,tratar,traiter,1.0
1037,parecer,paraître,0.6
1038,juez,juge,0.5
1039,próximo,suivant,0.0
1040,paciente,patient,0.75
1041,bolsa,sac,0.0
1042,arte,art,1.0
1043,mary,marie,0.6666666666666666
1044,jugando,en jouant,0.2
1045,llevas,tu portes,0.16666666666666666
1046,alegra,content,0.0
1047,bailar,danser,0.25
1048,diablo,diable,1.0
1049,oí,j'ai entendu,0.0
1050,sepa,connaître,0.0
1051,sur,sud,0.5
1052,banda,bande,1.0
1053,aprender,apprendre,0.8333333333333334
1054,precio,le prix,0.4
1055,completo,achevée,0.2
1056,santo,saint,1.0
1057,culpable,coupable,0.8
1058,ganas,désir,0.25
1059,you,tu,0.0
1060,verla,la voir,0.25
1061,volvió,est revenu,0.16666666666666666
1062,libros,livres,0.75
1063,ojo,œil,0.0
1064,cielos,cieux,0.3333333333333333
1065,matado,tué,0.3333333333333333
1066,azul,bleu,0.5
1067,diferentes,différent,0.5714285714285714
1068,irte,s'en aller,0.0
1069,ia,entre autres,0.0
1070,comandante,le commandant,0.6666666666666666
1071,acción,action,0.5
1072,reglas,règles,0.8
1073,obra,chantier de construction,0.0625
1074,esperanza,espoir,0.6
1075,cuestión,question,0.6
1076,molesta,bouleversé,0.3333333333333333
1077,bill,facture,0.0
1078,informe,rapport,0.2
1079,jimmy,jimmy,1.0
1080,río,fleuve,0.0
1081,bienvenido,accueillir,0.0
1082,abrir,ouvert,0.3333333333333333
1083,tocar,toucher,0.75
1084,bob,bob,1.0
1085,contar,compter,0.6
1086,sigo,je suis,0.25
1087,interior,à l'intérieur,0.4444444444444444
1088,apartamento,appartement,0.8571428571428571
1089,vea,voir,0.5
1090,preocupa,des soucis,0.16666666666666666
1091,tomó,je prends,0.0
1092,principal,majeur,0.0
1093,empieza,commencer,0.16666666666666666
1094,londres,londres,1.0
1095,empezó,ça a commencé,0.1111111111111111
1096,vayan,aller,0.0
1097,jim,jim,1.0
1098,llaman,appel,0.0
1099,ojalá,je souhaite,0.2
1100,perdona,pardon,1.0
1101,vuelvo,je reviens,0.16666666666666666
1102,golpe,souffler,0.2
1103,quedarme,rester,0.0
1104,llamaré,je vais appeler,0.0
1105,acabado,terminer,0.0
1106,estilo,style,0.75
1107,nueve,neuf,0.5
1108,definitivamente,absolument,0.375
1109,quedar,rester,0.25
1110,cartas,cartes,1.0
1111,bomba,bombe,1.0
1112,guardia,gardien,0.75
1113,pistola,pistolet,0.8
1114,probar,tester,0.25
1115,majestad,majesté,0.8
1116,traer,apporter,0.4
1117,marcha,mars,0.5
1118,pareces,tu sembles,0.14285714285714285
1119,común,commun,0.75
1120,aquel,ce,0.0
1121,hacerle,fais-lui,0.25
1122,vuelo,voyage en avion,0.125
1123,nota,remarque,0.0
1124,danny,dany,0.75
1125,humanos,humains,1.0
1126,valor,la peine,0.0
1127,objetivo,objectif,0.6
1128,repente,soudain,0.25
1129,debía,devrait,0.25
1130,rojo,rouge,0.5
1131,bromeando,plaisanterie,0.16666666666666666
1132,irá,va,0.0
1133,entrada,entrée,0.75
1134,doble,double,1.0
1135,dejaré,je vais partir,0.1111111111111111
1136,evitar,éviter de,0.5
1137,máquina,machine,0.5
1138,cuello,cou,0.3333333333333333
1139,conocí,j'ai rencontre,0.2222222222222222
1140,tiempos,temps,1.0
1141,tome,prendre,0.0
1142,nick,pseudo,0.0
1143,animales,les animaux,0.16666666666666666
1144,alex,alexandre,0.4
1145,acaso,peut-être,0.0
1146,pareja,partenaire,0.4
1147,verano,été,0.0
1148,escuché,ecoutez,0.2
1149,ama,aime,1.0
1150,mentira,mentir,1.0
1151,tarjeta,carte,0.5
1152,hagan,fais,0.0
1153,perdí,j'ai raté,0.16666666666666666
1154,correr,courir,0.75
1155,steve,steve,1.0
1156,traído,amené,0.0
1157,llegue,je suis arrivé,0.0
1158,preparado,préparé,0.6666666666666666
1159,haberlo,l'avoir,0.0
1160,tony,tony,1.0
1161,usa,les usages,0.16666666666666666
1162,intentar,tentative,0.4
1163,ayudarme,aide-moi,0.5
1164,flores,fleurs,1.0
1165,dando,donnant,0.4
1166,vos,tu,0.0
1167,opción,option,0.5
1168,isla,île,0.5
1169,cierra,proche,0.25
1170,piel,peau,0.5
1171,enemigo,ennemi,0.3333333333333333
1172,dejo,la gauche,0.0
1173,exacto,exact,1.0
1174,imbécil,idiot,0.0
1175,jóvenes,jeunes,0.6
1176,pedido,ordre,0.3333333333333333
1177,larga,long,0.6666666666666666
1178,entiende,comprend,0.3333333333333333
1179,justicia,justice,1.0
1180,nuevos,nouveau,0.6666666666666666
1181,obviamente,évidemment,0.5714285714285714
1182,despierta,réveillez-vous,0.0
1183,pido,je demande,0.16666666666666666
1184,calor,chauffer,0.4
1185,luces,lumières,0.4
1186,refiero,je veux dire,0.14285714285714285
1187,batalla,bataille,1.0
1188,déjalo,laisser seul,0.14285714285714285
1189,intenta,essayer,0.0
1190,sarah,sarah,1.0
1191,fantástico,fantastique,0.7142857142857143
1192,brazo,bras,0.6666666666666666
1193,absolutamente,tout à fait,0.14285714285714285
1194,llena,plein,0.6666666666666666
1195,hacerme,faîtes-moi,0.16666666666666666
1196,salga,dehors,0.0
1197,recordar,rappeler,0.4
1198,escapar,va-t-en,0.0
1199,bosque,forêt,0.0
1200,gay,homosexuel,0.0
1201,señores,messieurs,0.6
1202,quedan,rester,0.0
1203,piernas,les jambes,0.14285714285714285
1204,visita,visite,1.0
1205,parís,paris,0.75
1206,usando,portant,0.2
1207,ganado,bétail,0.0
1208,movimiento,mouvement,1.0
1209,blanca,blanche,0.8
1210,rico,riche,0.6666666666666666
1211,inocente,innocent,0.8
1212,pesar,peser,1.0
1213,absoluto,absolu,0.75
1214,vacaciones,des vacances,0.375
1215,um,euh,0.0
1216,mismos,eux-mêmes,0.5
1217,tomado,pris,0.0
1218,planes,des plans,0.5714285714285714
1219,cine,cinéma,0.5
1220,toca,toucher,0.5
1221,brillante,scintillant,0.5
1222,confianza,confiance,0.8
1223,nombres,des noms,0.16666666666666666
1224,especialmente,spécialement,0.875
1225,fbi,fbi,1.0
1226,embarazada,enceinte,0.0
1227,esperen,attendez,0.0
1228,pantalones,pantalons,1.0
1229,defensa,défendre,0.5
1230,terminó,terme,0.6
1231,salido,sorti,0.3333333333333333
1232,estupendo,formidable,0.0
1233,jane,jeanne,0.6666666666666666
1234,presión,pression,0.8
1235,inmediatamente,immédiatement,0.75
1236,testigo,témoin,0.25
1237,deberían,ils devraient,0.25
1238,olvidado,oublié,0.0
1239,soldados,soldats,0.8
1240,resulta,résultat,0.6666666666666666
1241,tommy,tommy,1.0
1242,depende,dépend,0.8
1243,motivo,raison,0.0
1244,inglés,anglais,0.8
1245,estudio,étude,0.6666666666666666
1246,acabar,finir,0.3333333333333333
1247,sentimientos,sentiments,1.0
1248,tomando,prise,0.0
1249,dieron,ils ont donné,0.2
1250,parecen,ils ressemblent à,0.15384615384615385
1251,llaves,clés,0.5
1252,perros,chiens,0.25
1253,propósito,objectif,0.0
1254,noticia,nouvelles,0.2
1255,partir,pars,0.5
1256,metros,mètres,0.8
1257,santa,saint,1.0
1258,quedarse,rester,0.0
1259,clientes,clients,1.0
1260,podrá,pourra,0.5
1261,cuántas,combien,0.2
1262,ridículo,ridicule,0.8
1263,damas,dames,1.0
1264,tranquila,calme,0.0
1265,operación,opération,0.4
1266,come,manger,0.0
1267,empresa,entreprise,0.5
1268,ayúdame,aide-moi,0.25
1269,laboratorio,laboratoire,1.0
1270,elección,choix,0.2
1271,menudo,souvent,0.25
1272,beso,embrasser,0.3333333333333333
1273,copa,tasse,0.0
1274,conversación,conversation,0.75
1275,brazos,les bras,0.3333333333333333
1276,espíritu,esprit,0.8
1277,dejas,vous laissez,0.14285714285714285
1278,cansado,fatigué,0.0
1279,interesa,intéressé,0.5714285714285714
1280,refieres,tu veux dire,0.0
1281,casado,marié,0.0
1282,enorme,énorme,0.75
1283,asuntos,affaires,0.25
1284,fe,foi,1.0
1285,muestra,goûter,0.5
1286,trampa,piège,0.0
1287,ray,rayon,0.6666666666666666
1288,billy,gamelle,0.25
1289,memoria,mémoire,0.75
1290,johnny,johnny,1.0
1291,contrario,contraire,1.0
1292,soldado,soldat,0.75
1293,subir,monter,0.25
1294,turno,tour,0.6666666666666666
1295,encantaría,aimerait,0.16666666666666666
1296,preocupado,concerné,0.16666666666666666
1297,restaurante,restaurant,1.0
1298,saliendo,sortir,0.25
1299,escrito,écrit,0.75
1300,cálmate,allez-y doucement,0.18181818181818182
1301,bienvenida,accueillir,0.0
1302,caer,tomber,0.25
1303,llevaré,je vais prendre,0.2
1304,leche,le lait,0.25
1305,estrellas,étoiles,0.5
1306,prefiero,je préfère,0.5
1307,red,rapporter,0.16666666666666666
1308,viejos,agé de,0.0
1309,solamente,seulement,1.0
1310,oiga,ecoutez,0.0
1311,cuentas,comptes,0.6
1312,taxi,taxi,1.0
1313,anillo,anneau,0.3333333333333333
1314,richard,richard,1.0
1315,preguntar,demander,0.3333333333333333
1316,victoria,la victoire,0.6666666666666666
1317,quiénes,qui est-ce,0.16666666666666666
1318,héroe,héros,0.75
1319,pequeños,petits,0.5
1320,decidido,décidé,0.6
1321,películas,films,0.3333333333333333
1322,responsable,responsable,1.0
1323,trago,gorgée,0.5
1324,volverá,retourner à,0.14285714285714285
1325,árbol,arbre,0.5
1326,ibas,tu allais,0.2
1327,dientes,les dents,0.5714285714285714
1328,encantado,enchanté,0.6666666666666666
1329,camión,un camion,0.4
1330,vender,vendre,1.0
1331,llame,j'ai appelé,0.14285714285714285
1332,detente,arrêt,0.25
1333,luchar,lutte,0.25
1334,cabo,cap,0.5
1335,ruido,bruit,0.3333333333333333
1336,lucha,lutter,0.25
1337,muere,va mourir,0.4
1338,reloj,l'horloge,0.3333333333333333
1339,gato,chat,0.3333333333333333
1340,averiguar,déterminer,0.2857142857142857
1341,volar,voler,1.0
1342,vayamos,allons-y,0.16666666666666666
1343,tanta,tellement de,0.375
1344,vendrá,viendra,0.8
1345,corriendo,pressé,0.2
1346,yendo,aller,0.0
1347,colegio,collège,0.6
1348,sonido,du son,0.25
1349,caballero,chevalier,0.6
1350,pasada,passer,0.5
1351,código,code,0.5
1352,hagamos,faisons,0.25
1353,imagen,image,0.6666666666666666
1354,riesgo,risque,0.6666666666666666
1355,llegamos,nous sommes arrivés,0.15384615384615385
1356,alguno,quelques,0.25
1357,pan,pain,1.0
1358,millón,million,0.8
1359,malas,mal,0.6666666666666666
1360,dama,dame,1.0
1361,hielo,glace,0.3333333333333333
1362,coño,cône,0.3333333333333333
1363,cayó,c'est tombé,0.1111111111111111
1364,prensa,presse,0.75
1365,querer,vouloir,0.3333333333333333
1366,vengan,viens,0.5
1367,eddie,eddie,1.0
1368,caminar,marcher,0.2
1369,televisión,la télé,0.0
1370,pasará,ça va arriver,0.125
1371,momentos,des moments,0.625
1372,coger,prendre,0.2
1373,posibilidad,possibilité,0.5714285714285714
1374,mark,marque,0.6666666666666666
1375,asiento,siège,0.3333333333333333
1376,herido,blessée,0.0
1377,maría,marie,0.6666666666666666
1378,seguramente,sûrement,0.8333333333333334
1379,proyecto,projet,0.6
1380,pared,mur,0.3333333333333333
1381,sentí,feutre,0.25
1382,sospechoso,méfiant,0.0
1383,naturaleza,la nature,0.2
1384,ésa,cette,0.0
1385,silla,chaise,0.0
1386,perdió,perdu,0.75
1387,robert,robert,1.0
1388,policías,flics,0.6
1389,arreglar,organiser,0.4
1390,sentado,assise,0.25
1391,papi,papa,1.0
1392,ideas,des idées,0.3333333333333333
1393,obtener,obtenir,1.0
1394,felices,heureux,0.0
1395,señoría,seigneurie,0.25
1396,cantidad,montant,0.4
1397,bebe,bébé,0.5
1398,mírame,regardez-moi,0.2857142857142857
1399,chris,chris,1.0
1400,papa,papa,1.0
1401,llorar,faire le deuil,0.14285714285714285
1402,quedó,séjourné,0.0
1403,familiar,famille,0.75
1404,desastre,un sinistre,0.5714285714285714
1405,locos,fou,0.0
1406,escuche,j'ai écouté,0.14285714285714285
1407,quedarte,rester,0.0
1408,política,politique,0.6
1409,pedí,j'ai demandé,0.125
1410,will,sera,0.0
1411,enfermedad,maladies,0.16666666666666666
1412,encontraron,ils ont trouvé,0.3
1413,colega,collègue,0.6
1414,príncipe,le prince,0.3333333333333333
1415,verde,vert,0.6666666666666666
1416,bajar,descendre,0.16666666666666666
1417,nervioso,nerveux,0.75
1418,vengo,je viens,0.4
1419,inspector,inspecteur,1.0
1420,sirve,ça sert,0.4
1421,puertas,des portes,0.5714285714285714
1422,fuerzas,les forces,0.42857142857142855
1423,playa,plage,0.6666666666666666
1424,cantar,chanter,0.8
1425,déjeme,laisse moi,0.2
1426,velocidad,la rapidité,0.14285714285714285
1427,total,total,1.0
1428,cabello,cheveu,0.25
1429,suficientemente,suffisamment,0.625
1430,huellas,empreintes de pas,0.09090909090909091
1431,haberte,avez-vous,0.0
1432,debí,j'aurais dû,0.0
1433,unidad,unité,0.3333333333333333
1434,estan,sommes,0.25
1435,cuchillo,couteau,0.2
1436,t,tu,1.0
1437,oigan,hé,0.0
1438,gana,gagner,0.5
1439,tonterías,et mince,0.16666666666666666
1440,emergencia,urgence,0.8
1441,perfecta,parfaite,0.8
1442,hable,j'ai parlé,0.14285714285714285
1443,gustaba,aimait,0.25
1444,lugares,endroits,0.4
1445,ryan,ryan,1.0
1446,show,spectacle,0.16666666666666666
1447,robo,a volé,0.0
1448,permite,il permet,0.6666666666666666
1449,parque,parc,0.6666666666666666
1450,uds.,tu.,0.3333333333333333
1451,roto,cassé,0.0
1452,serie,série,0.6666666666666666
1453,puse,je mets,0.2
1454,nuevas,nouveau,0.6666666666666666
1455,evidencia,preuve,0.0
1456,conocerte,te connais,0.16666666666666666
1457,estúpida,stupide,0.8
1458,preocupe,inquiétude,0.0
1459,perdone,pardon,1.0
1460,botella,bouteille,1.0
1461,viento,vent,1.0
1462,mando,j'envoie,0.25
1463,extraña,étrange,0.4
1464,historias,histoires,1.0
1465,aquella,celle-la,0.4
1466,solos,seul,0.6666666666666666
1467,apoyo,support,0.2
1468,bala,balle,0.6666666666666666
1469,verdadera,vrai,0.4
1470,tiro,jeta,0.0
1471,época,époque,0.6666666666666666
1472,puente,pont,1.0
1473,olvídalo,oublie,0.2
1474,distancia,distance,1.0
1475,desea,vouloir,0.0
1476,dejarlo,quitter,0.0
1477,pelear,se battre,0.16666666666666666
1478,pierna,jambe,0.0
1479,echar,jeter,0.3333333333333333
1480,descanso,pause,0.2
1481,américa,amérique,0.75
1482,área,région,0.0
1483,orgulloso,fier,0.0
1484,datos,les données,0.25
1485,espectáculo,afficher,0.14285714285714285
1486,sube,monte,0.0
1487,dejaste,vous avez quitté,0.1
1488,acabas,vous avez terminé,0.0
1489,verá,tu verras,0.3333333333333333
1490,magia,la magie,0.5
1491,nacional,nationale,0.75
1492,universo,univers,1.0
1493,llevaba,portait,0.0
1494,necesitar,avoir besoin,0.0
1495,nariz,nez,0.6666666666666666
1496,aquellos,ceux,0.0
1497,clases,cours,0.5
1498,jake,cric,0.0
1499,casas,maisons,0.5
1500,vergüenza,la honte,0.16666666666666666
1501,monstruo,monstre,1.0
1502,princesa,princesse,0.8333333333333334
1503,autobús,bus,0.5
1504,cuidar,garder,0.5
1505,ei,hé,0.0
1506,huevos,des œufs,0.16666666666666666
1507,pocos,peu,0.3333333333333333
1508,podrás,tu peux,0.0
1509,enferma,malade,0.0
1510,paseo,marche,0.0
1511,detalles,détails,0.6
1512,llamadas,appels,0.2
1513,belleza,beauté,0.25
1514,francia,france,1.0
1515,abierto,ouvert,0.6666666666666666
1516,viviendo,vivant,0.75
1517,envió,expédition,0.0
1518,puntos,points,1.0
1519,ministro,ministre,1.0
1520,conducir,balade,0.2
1521,aceptar,accepter,0.8
1522,borracho,ivre,0.2
1523,animal,animal,1.0
1524,caballos,les chevaux,0.0
1525,trajo,il a apporté,0.125
1526,contrato,contrat,1.0
1527,viernes,vendredi,0.2
1528,bobby,policier,0.0
1529,martin,martin,1.0
1530,amy,amy,1.0
1531,bienvenidos,accueillir,0.0
1532,ex,ex,1.0
1533,hechos,les faits,0.16666666666666666
1534,sociedad,société,0.4
1535,dra.,dr.,1.0
1536,quede,rester,0.0
1537,inglaterra,angleterre,1.0
1538,carga,charge,0.75
1539,diste,vous avez donné,0.1
1540,puto,putain de,0.4
1541,lleve,j'ai porté,0.0
1542,presente,cadeau,0.0
1543,conocía,connaissait,0.3333333333333333
1544,uso,utilisation,0.2
1545,dedos,des doigts,0.42857142857142855
1546,oferta,offrir,0.5
1547,sentía,feutre,0.25
1548,proteger,protéger,0.8333333333333334
1549,daniel,daniel,1.0
1550,date,date,1.0
1551,hiciera,ferait,0.0
1552,hablé,j'ai parlé,0.2857142857142857
1553,recibir,recevoir,0.75
1554,agradezco,j'apprécie,0.14285714285714285
1555,robar,voler,0.3333333333333333
1556,enamorado,aimé,0.25
1557,sepas,vous connaissez,0.2222222222222222
1558,oeste,ouest,1.0
1559,herida,plaie,0.0
1560,despacio,tout doucement,0.125
1561,ayude,aider,0.0
1562,supe,je savais,0.2
1563,directamente,directement,1.0
1564,inmediato,immédiat,0.6
1565,profesional,professionnelle,0.6666666666666666
1566,oscuro,sombre,0.5
1567,mercado,marché,0.6
1568,cerdo,porc,0.3333333333333333
1569,tardes,après midi,0.2857142857142857
1570,líder,chef,0.0
1571,grave,grave,1.0
1572,llegué,je suis arrivé,0.1111111111111111
1573,jurado,jury,0.6666666666666666
1574,casos,cas,0.6666666666666666
1575,acuerdas,te souviens tu,0.125
1576,ahi,là bas,0.0
1577,desaparecido,disparu,0.6666666666666666
1578,debió,devrait,0.25
1579,últimamente,dernièrement,0.375
1580,piedra,pierre,0.6666666666666666
1581,habló,parler,0.25
1582,charles,charles,1.0
1583,paga,payer,0.3333333333333333
1584,secretos,secrets,1.0
1585,digamos,disons,0.5
1586,intención,intention,0.6666666666666666
1587,humor,humour,1.0
1588,dura,dur,1.0
1589,dará,donner à,0.3333333333333333
1590,seguros,assurance,0.4
1591,leo,leo,1.0
1592,adam,adam,1.0
1593,and,et,0.0
1594,ángeles,anges,0.6
1595,querría,je voudrais,0.16666666666666666
1596,cerrar,fermer,0.5
1597,conseguido,atteint,0.0
1598,peso,lester,0.25
1599,víctimas,victimes,0.8333333333333334
1600,asesinado,assassiné,0.5
1601,humana,humain,1.0
1602,directo,droit,0.75
1603,central,central,1.0
1604,termina,prend fin,0.2857142857142857
1605,compañeros,compagnons,0.5714285714285714
1606,escuchado,écouté,0.2
1607,contento,content,1.0
1608,llevan,ils portent,0.25
1609,podré,je serai capable,0.1111111111111111
1610,oscuridad,obscurité,0.5
1611,actuar,loi,0.0
1612,siga,suivez,0.3333333333333333
1613,llevado,led,0.5
1614,comenzó,a débuté,0.0
1615,regresa,revenu,0.25
1616,privado,privé,0.75
1617,mirada,voir,0.3333333333333333
1618,demonio,mauvais,0.0
1619,abierta,ouvert,0.6666666666666666
1620,kevin,kévin,0.75
1621,m,m,1.0
1622,llámame,appelez-moi,0.3333333333333333
1623,siguen,suivre,0.3333333333333333
1624,romper,pause,0.25
1625,cambia,monnaie,0.0
1626,fiscal,fiscal,1.0
1627,jardín,cour,0.2
1628,natural,naturel,1.0
1629,gratis,libre,0.0
1630,cuesta,coût,0.6666666666666666
1631,amenaza,menace,0.6666666666666666
1632,pon,mettre,0.0
1633,marca,marque,0.6666666666666666
1634,comenzar,commencer,0.6666666666666666
1635,ponte,mettre,0.25
1636,medicina,médicament,0.5714285714285714
1637,podremos,nous pourrons,0.375
1638,tomé,prendre,0.0
1639,preciosa,précieux,0.6
1640,sexual,sexuel,1.0
1641,acceso,accéder,0.4
1642,necesidad,besoin,0.2
1643,dueño,propriétaire,0.0
1644,merece,mérite,0.5
1645,rayos,rayon,0.6666666666666666
1646,d,ré,0.0
1647,mintiendo,mensonge,0.6
1648,tantas,de nombreux,0.14285714285714285
1649,imagino,j'imagine,0.6
1650,fantasma,fantôme,0.8
1651,creerlo,crois le,0.6
1652,llamé,j'ai appelé,0.14285714285714285
1653,ponga,mettre,0.0
1654,brian,brian,1.0
1655,dé,de,0.5
1656,pollo,poulet,0.6666666666666666
1657,varios,plusieurs,0.4
1658,efecto,effet,0.6666666666666666
1659,felicidad,félicité,0.5
1660,espada,épée,0.3333333333333333
1661,relaciones,rapports,0.3333333333333333
1662,entró,j'entre,0.4
1663,resultado,résultat,0.6666666666666666
1664,sombrero,chapeau,0.0
1665,menor,mineure,1.0
1666,recibido,reçu,0.25
1667,negra,le noir,0.25
1668,to,à,0.0
1669,limpio,propre,0.25
1670,china,chine,1.0
1671,juegos,jeux,0.3333333333333333
1672,correo,courrier,0.75
1673,confía,confiance,0.6
1674,video,vidéo,0.6666666666666666
1675,perfectamente,à la perfection,0.4
1676,harán,ils feront,0.14285714285714285
1677,teatro,théâtre,0.5
1678,dormido,endormi,0.5
1679,local,local,1.0
1680,quedado,la gauche,0.0
1681,lástima,pitié,0.2
1682,calles,des rues,0.2
1683,créeme,fais-moi confiance,0.1
1684,responsabilidad,responsabilité,0.7777777777777778
1685,búsqueda,recherche,0.0
1686,dedo,doigt,0.3333333333333333
1687,tonta,stupide,0.25
1688,recuerdos,cordialement,0.2857142857142857
1689,razones,les raisons,0.42857142857142855
1690,escuchando,écoute,0.16666666666666666
1691,eric,éric,0.6666666666666666
1692,elegir,choisir,0.25
1693,amas,tu aimes,0.5
1694,huele,sent,0.0
1695,almuerzo,déjeuner,0.0
1696,cien,cent,0.6666666666666666
1697,adn,adn,1.0
1698,tantos,tant,0.75
1699,pago,paiement,0.25
1700,normalmente,d'habitude,0.0
1701,mr,m,0.5
1702,pastel,tarte,0.25
1703,bastardo,bâtard,0.8
1704,cinta,bandeau,0.3333333333333333
1705,pasé,arrive,0.0
1706,dígame,dites-moi,0.4
1707,anna,anne,1.0
1708,costa,côte,0.6666666666666666
1709,levántate,se lever,0.0
1710,llamando,appel,0.0
1711,cerrado,fermé,0.25
1712,interés,intérêt,0.5
1713,enfermera,infirmière,0.8333333333333334
1714,comienzo,début,0.0
1715,olvidé,oublié,0.25
1716,militar,militaire,1.0
1717,polvo,poussière,0.2
1718,bella,belle,1.0
1719,quedo,je reste,0.0
1720,kate,kate,1.0
1721,encontraste,par contre,0.2857142857142857
1722,voluntad,sera,0.0
1723,varias,plusieurs,0.4
1724,teoría,la théorie,0.16666666666666666
1725,roja,rouge,0.5
1726,cuento,histoire,0.25
1727,escenario,décor,0.25
1728,diario,du quotidien,0.16666666666666666
1729,propiedad,propriété,0.42857142857142855
1730,agujero,trou,0.3333333333333333
1731,aspecto,apparence,0.2
1732,campamento,camp,0.5
1733,descansar,le repos,0.16666666666666666
1734,matarme,tue-moi,0.5
1735,metido,bloqué,0.0
1736,quiso,recherché,0.0
1737,ángel,ange,0.5
1738,enviar,envoyer,0.75
1739,impresionante,impressionnant,0.7777777777777778
1740,proceso,traiter,0.25
1741,intentado,a essayé,0.0
1742,mio,mien,0.5
1743,fuente,police de caractère,0.08333333333333333
1744,alcalde,maire,0.0
1745,ocurrido,passé,0.0
1746,malos,mal,0.6666666666666666
1747,carretera,autoroute,0.4
1748,desapareció,il a disparu,0.2857142857142857
1749,desayuno,petit-déjeuner,0.2222222222222222
1750,débil,faible,0.5
1751,roma,rome,1.0
1752,sabido,connu,0.0
1753,comienza,commence,0.6
1754,tambien,aussi,0.0
1755,intentarlo,essayez-le,0.16666666666666666
1756,miembro,membre,1.0
1757,perdiendo,perdant,0.8
1758,resultados,résultats,0.7142857142857143
1759,jerry,jerry,1.0
1760,mata,buisson,0.0
1761,sr,m,0.0
1762,valiente,braver,0.0
1763,deber,devoir,0.6666666666666666
1764,pecho,buste,0.0
1765,gustó,goûter,0.5
1766,oyes,entendez-vous,0.125
1767,thomas,thomas,1.0
1768,periódico,un journal,0.0
1769,mami,maman,0.6666666666666666
1770,piensan,ils pensent,0.5
1771,washington,washington,1.0
1772,tv,la télé,0.16666666666666666
1773,cansada,fatigué,0.0
1774,limpiar,nettoyer,0.2
1775,crear,créer,0.75
1776,explicar,explique,0.6
1777,robado,volé,0.0
1778,resolver,résoudre,0.4
1779,maté,camarade,0.25
1780,guapo,beau,0.0
1781,continuar,continuer,1.0
1782,sheriff,shérif,0.6
1783,funcionar,fonction,0.6
1784,extra,en plus,0.0
1785,primo,cousine,0.0
1786,manejar,manipuler,0.6
1787,primeros,première,0.6
1788,acto,loi,0.0
1789,poniendo,mettre en place,0.1
1790,números,nombres,0.6
1791,kilómetros,kilomètres,0.7142857142857143
1792,andy,andy,1.0
1793,llevará,porter,0.2
1794,rachel,rachel,1.0
1795,niñas,les filles,0.14285714285714285
1796,premio,récompense,0.14285714285714285
1797,internet,l'internet,0.7142857142857143
1798,harías,ferais tu,0.2
1799,inútil,inutile,0.75
1800,domingo,dimanche,0.6
1801,tomas,coups,0.3333333333333333
1802,sensación,sensation,0.6666666666666666
1803,alcohol,de l'alcool,0.2857142857142857
1804,tercera,troisième,0.4
1805,agentes,agents,1.0
1806,disculpas,excuses,0.3333333333333333
1807,antiguo,ancien,0.3333333333333333
1808,guapa,jolie,0.0
1809,asustado,peur,0.0
1810,puedan,boîte,0.0
1811,sexy,sexy,1.0
1812,genio,génie,0.6666666666666666
1813,recuperar,récupérer,0.7142857142857143
1814,creemos,nous croyons,0.375
1815,lengua,langue,1.0
1816,ladrón,voleur,0.2
1817,intenté,j'ai essayé,0.14285714285714285
1818,examen,examen,1.0
1819,deprisa,dépêche toi,0.25
1820,montaña,montagne,0.6
1821,durmiendo,en train de dormir,0.16666666666666666
1822,disparar,tirer,0.4
1823,entrenador,entraîneur,0.6666666666666666
1824,queso,fromage,0.0
1825,entero,entier,1.0
1826,papeles,papiers,0.75
1827,pones,tu mets,0.2
1828,modelo,maquette,0.25
1829,fútbol,football,0.6
1830,detener,ayant,0.25
1831,lados,côtés,0.2
1832,miembros,membres,1.0
1833,sábado,samedi,0.5
1834,pongo,je mets,0.0
1835,mataron,ils ont tué,0.125
1836,vuelvas,revenir,0.0
1837,talento,talent,1.0
1838,descubrir,découvrir,0.6666666666666666
1839,gordo,gros,0.6666666666666666
1840,tribunal,rechercher,0.14285714285714285
1841,toque,j'ai touché,0.14285714285714285
1842,wow,wow,1.0
1843,hables,parler,0.25
1844,conocemos,nous savons,0.14285714285714285
1845,haberme,prend moi,0.16666666666666666
1846,dispuesto,prêt,0.2
1847,tamaño,taille,0.3333333333333333
1848,dejen,laisser,0.0
1849,maravillosa,magnifique,0.16666666666666666
1850,invitado,invité,0.75
1851,importantes,important,0.8571428571428571
1852,derechos,droits,0.6
1853,scott,scott,1.0
1854,declaración,déclaration,0.5714285714285714
1855,claramente,clairement,1.0
1856,pacientes,les patients,0.5
1857,pérdida,perte,0.4
1858,in,dans,0.3333333333333333
1859,iban,allaient,0.25
1860,pudiste,vous pourriez,0.14285714285714285
1861,profundo,profond,1.0
1862,gas,gaz,0.5
1863,aeropuerto,aéroport,0.8
1864,consigue,obtenir,0.0
1865,olvidar,oubliez,0.0
1866,gloria,gloire,1.0
1867,olvides,oubliez,0.0
1868,volviendo,revenir,0.4
1869,coge,prendre,0.0
1870,fué,il a été,0.16666666666666666
1871,llamaba,appelé,0.0
1872,pete,peter,0.6666666666666666
1873,instituto,lycée,0.0
1874,disparo,tournage,0.0
1875,encuentras,tu trouves,0.3333333333333333
1876,querían,recherché,0.14285714285714285
1877,hablemos,parlons,0.4
1878,dia,jour,0.0
1879,enviado,envoyer,0.5
1880,pertenece,fait parti,0.16666666666666666
1881,sienta,s'asseoir,0.2
1882,pensó,pensait,0.75
1883,cadáver,corps,0.2
1884,gracia,la grâce,0.5
1885,doctora,docteur,1.0
1886,escuchen,ecoutez,0.2
1887,amante,amoureux,0.3333333333333333
1888,temporada,saison,0.0
1889,kim,kim,1.0
1890,cuerpos,corps,1.0
1891,amigas,amies,0.6666666666666666
1892,larry,larry,1.0
1893,preguntaba,je demandais,0.14285714285714285
1894,francés,français,0.6666666666666666
1895,mataste,tu as tué,0.3333333333333333
1896,techo,le plafond,0.0
1897,íbamos,nous allions,0.14285714285714285
1898,protección,protection,0.7142857142857143
1899,médicos,médecins,0.8333333333333334
1900,lisa,lisse,0.6666666666666666
1901,venganza,vengeance,0.8
1902,pensamos,nous pensons,0.5
1903,walter,walter,1.0
1904,contó,dénombré,0.14285714285714285
1905,discutir,se disputer,0.5714285714285714
1906,comprendo,comprendre,0.8571428571428571
1907,idiotas,idiots,1.0
1908,enemigos,ennemis,0.5
1909,camisa,chemise,0.75
1910,superior,plus haut,0.16666666666666666
1911,criminal,criminel,1.0
1912,preocupada,préoccupé,0.5714285714285714
1913,bote,bateau,1.0
1914,escribió,a écrit,0.2
1915,llevamos,nous portons,0.125
1916,testigos,les témoins,0.375
1917,recoger,ranger,0.75
1918,emily,emilie,0.6666666666666666
1919,truco,tour,0.6666666666666666
1920,jason,jason,1.0
1921,original,original,1.0
1922,pide,demande,0.25
1923,jeff,jef,0.6666666666666666
1924,rosa,rose,1.0
1925,mama,maman,0.6666666666666666
1926,negros,les noirs,0.3333333333333333
1927,sobrevivir,survivre,0.8333333333333334
1928,rostro,visage,0.25
1929,crédito,le crédit,0.7142857142857143
1930,compartir,partager,0.5
1931,saca,en sort,0.2
1932,irás,tu iras,0.25
1933,pequeñas,peu,0.25
1934,veía,vu,0.5
1935,empezando,départ,0.0
1936,registro,inscription,0.14285714285714285
1937,continúa,continue,0.8
1938,grandioso,magnifique,0.2
1939,viniste,est tu venu? t'es venu,0.2
1940,esquina,coin,0.3333333333333333
1941,contado,dénombré,0.14285714285714285
1942,cientos,des centaines,0.5
1943,tormenta,tempête,0.4
1944,relájate,détends-toi,0.125
1945,siéntese,s'asseoir,0.2
1946,chocolate,chocolat,1.0
1947,matt,mat,0.6666666666666666
1948,pedazo,pièce,0.3333333333333333
1949,tomo,je prends,0.0
1950,olor,sentir,0.25
1951,ciencia,la science,0.5
1952,kelly,kelly,1.0
1953,conexión,lien,0.2
1954,vieron,vu,0.3333333333333333
1955,salón,salle,0.5
1956,sucio,sale,0.5
1957,firma,signature,0.0
1958,vimos,nous avons vu,0.25
1959,pidiendo,demander,0.4
1960,casarse,se marrier,0.16666666666666666
1961,bebida,boisson,0.25
1962,tercer,troisième,0.4
1963,propios,posséder,0.16666666666666666
1964,fuertes,puissant,0.0
1965,lluvia,pluie,0.3333333333333333
1966,recién,nouvellement,0.14285714285714285
1967,tomaré,je vais prendre,0.1
1968,complicado,compliqué,0.6666666666666666
1969,europa,l'europe ,0.3333333333333333
1970,toques,touche,0.3333333333333333
1971,cámaras,appareils photo,0.1111111111111111
1972,visión,vision,0.75
1973,llego,arrivé,0.0
1974,americano,américain,0.8
1975,diversión,amusement,0.16666666666666666
1976,pareció,il semblait,0.0
1977,libras,livres sterling,0.2727272727272727
1978,curso,cours,1.0
1979,disco,disque,0.6666666666666666
1980,probable,probable,1.0
1981,precioso,belle,0.0
1982,tenia,j'avais,0.0
1983,lago,lac,0.5
1984,leído,lis,0.3333333333333333
1985,consiguió,a obtenu,0.0
1986,parecido,similaire,0.0
1987,material,matériel,0.8
1988,discurso,parole,0.2
1989,entera,ensemble,0.2
1990,it,article,0.25
1991,corta,court,1.0
1992,completa,achevée,0.2
1993,decirles,dis leur,0.4
1994,lunes,lundi,0.6666666666666666
1995,efectivo,en espèces,0.0
1996,cura,guérison,0.2
1997,antigua,ancien,0.3333333333333333
1998,hablan,ils parlent,0.25
1999,juntas,planches,0.3333333333333333
